,Au NFA/T (over 3 years),Au Retention ratio (over 3 years),Av Dep%NFA (over 3 years),Av NPM (over 3 years),CFO,CFO >0,Capex,Capital Expenditure,Cash and Cash Equivalents,Construction in Progress,Current Assets,Current Liabilities,Current Price,DPR,DV,DV >3%,Dep,Depreciation & Amortization,Dividends Paid,EY,EY >7,EY >7%,Earnings Growth 5yr cagr,FCF,FCF%,FCF/CFO,Income Tax Expense,Interest Expense,Interest coverage,Interest coverage >3,Market Cap,Mcap (cr),NFA + CWIP,NFAT,NFAT (3yr avg),NPM,Net Debt,Net Fixed Assets,Net Income,Operating Cash Flow,PEG,ROCE,ROCE (3yr avg),ROE,ROE (3yr avg),Retention Ratio,SSGR,Sales cagr >15%,Shares Outstanding,Tax payout >25%,Total Assets,Total Debt,Total Liabilities,Total Revenue,Total Stockholders Equity,Working Capital,cCFO,cCFO > PAT,cCFO/cPAT,cPAT,current,d/e,d/e <0.5,d/e decreasing trend 5 yrs,high,insidersPercentHeld,institutionsCount,institutionsFloatPercentHeld,institutionsPercentHeld,low,mean,median,net cash flow positive,no. shares (cr),npm >8%,p/a,p/b <3,p/e,p/e <10,p/s,peg <1,sgr > Sales growth (very linear),tax %,ticker
0,3.410004211013577,-1,11.278422874297824,6.3944939516810875,710376000.0,True,313185000.0,182903000.0,104154000.0,41166000.0,1673431000.0,1126944000.0,98.46,-1,-1,False,11.278422874297824,153773000.0,-1,12.070516105891329,True,True,-1,397191000.0,70.14745073937301,0.5591278421568296,194661000.0,12077000.0,61.34139272998261,True,4690959360,469.095936,1420060000.0,3.813670943436359,3.410004211013577,6.3944939516810875,717466000.0,1378894000.0,566223000.0,710376000.0,-1,35.93071700454177,22.3128699483559,54.69908033540709,34.08756973773896,-1,-1,False,47643300,True,3299887000.0,821620000.0,1948564000.0,4948587000.0,1035160000.0,546487000.0,1639237000.0,True,1.4129258420303197,1160172000.0,98.46,0.9192907376637428,False,False,151.0,0.02301,559.0,1.02846,1.0048001,84.0,114.25,115.0,False,4.76433,False,19.037614067223384,False,9.710059,True,0.9334931,False,False,25.324160863405567,ANF
0,7.440355228583845,3.9229381214131998,6.512715565750707,22.324625519130183,372838000.0,True,-6687000.0,4752000.0,0,0,409408000.0,501398000.0,46.72,96.0770618785868,6.741473841570134,True,6.512715565750707,9862000.0,221956000.0,7.889330981816932,True,True,-1,379525000.0,146.112770839429,1.0179354035801071,90901000.0,8610000.0,42.58176538908246,True,3292395776,329.2395776,124836000.0,8.35247407229332,7.440355228583845,22.324625519130183,0,124836000.0,259748000.0,372838000.0,-1,40.19857556843912,40.6955595777884,80.13179043100284,79.91977265800556,3.9229381214131998,0.0034079992287647243,False,70470800,False,1618756000.0,367439000.0,868837000.0,1111802000.0,324151000.0,-91990000.0,1337027000.0,True,1.3040247418336735,1025308000.0,46.72,0.9276756820123955,False,False,51.0,0.026989998,498.0,0.93884003,0.9135,41.5,45.625,45.0,False,7.04708,True,18.476119209763716,False,12.359789,False,2.8968866,False,False,20.63343260273475,APAM
0,152.3482381880613,100.0,2211.7882583606856,-50.25250994349252,-16076000.0,False,14077000.0,5175000.0,2468000.0,0,40234000.0,122256000.0,6.63,0.0,0.0,False,2211.7882583606856,12093000.0,0,-32.00215155126497,False,False,-1,-30153000.0,29.940422996723264,1.8756531475491416,249000.0,14668000.0,0.6181483501499864,False,314697600,31.46976,2488000.0,84.16243315508021,152.3482381880613,-50.25250994349252,-1,2488000.0,-100710000.0,-16076000.0,-1,-122.7981029810298,122.85672497403738,170.70938215102976,138.13855558194822,100.0,-9867.669612779802,False,47465700,False,116352000.0,-1,246680000.0,125907000.0,-58995000.0,-82022000.0,-66881000.0,False,0.21092118956763065,-317090000.0,6.63,-2.0967031104330878,True,False,12.0,0.78845,65.0,0.45490003,0.09624,12.0,12.0,12.0,False,4.74657,False,-53.320132572348285,True,7.987952,True,2.1464949,False,False,-3.356699919115665,AREN
0,3.033500102183901,98.02244493676528,16.275295394941047,3.590577033567252,249909000.0,True,202789000.0,115883000.0,7055000.0,153145000.0,375444000.0,220992000.0,116.33,1.9775550632347165,0.661830462097143,False,16.275295394941047,82205000.0,23108000.0,3.689873806619406,False,False,-1,47120000.0,36.57448014095767,0.1885486317019395,41850000.0,81282000.0,2.9079500996530596,False,3491528704,349.1528704,772037000.0,2.6644712454708883,3.033500102183901,3.590577033567252,953559000.0,618892000.0,128833000.0,249909000.0,-1,12.559885828736125,11.04519124515699,13.786435610401812,5.917984519811895,98.02244493676528,-5.598675206621752,False,30014000,False,2227101000.0,960614000.0,1181606000.0,1577744000.0,934491000.0,154452000.0,791817000.0,True,3.028119837239185,261488000.0,116.33,0.9407538435362138,False,False,141.0,0.01787,382.0,1.05608,1.0372,105.0,125.88889,128.0,False,3.0014,False,5.868034916795907,True,13.174406,False,2.2007773,False,False,24.519137816888616,AZZ
0,28.27780148037372,47.44594537595717,43.55702664967009,5.471764348300479,1009000000.0,True,158000000.0,98000000.0,157000000.0,0,3313000000.0,1846000000.0,109.93,52.55405462404283,1.9780404196720676,False,43.55702664967009,165000000.0,268000000.0,6.9009992253484445,False,False,-1,851000000.0,91.01604278074866,0.8434093161546086,284000000.0,190000000.0,7.2105263157894735,True,13548762112,1354.8762112,355000000.0,33.417015341701536,28.27780148037372,5.471764348300479,3841000000.0,355000000.0,935000000.0,1009000000.0,-1,25.777533845590927,19.154327231626837,89.30276981852913,58.76594814233556,47.44594537595718,29.855831263804323,False,123249000,False,7312000000.0,3998000000.0,6309000000.0,11980000000.0,1047000000.0,1467000000.0,2607526000.0,True,1.1442841219270299,2278740000.0,109.93,4.029608404966571,False,False,160.0,0.010190001,999.0,1.00962,0.99933,89.0,126.09091,120.0,False,12.3249,False,14.244363193174895,False,13.504913,False,1.1326503,False,False,23.297785069729287,BAH
0,3.729304466371676,78.77444142678242,10.497048599940797,10.51643033138866,47087000.0,True,38570000.0,19317000.0,6467000.0,10363000.0,126298000.0,79394000.0,56.59,21.225558573217572,1.4748325774044886,False,10.497048599940797,14772000.0,11024000.0,6.927993924246321,False,False,-1,8517000.0,16.446847542724726,0.18087794932783996,15356000.0,-1,-1,False,747474688,74.7474688,160324000.0,3.562716657216883,3.729304466371676,10.51643033138866,65013000.0,149961000.0,51785000.0,47087000.0,-1,31.477664535861173,33.545621693944916,39.93845536857368,45.1631417639307,78.77444142678243,20.397476427587733,False,13208600,False,289956000.0,71480000.0,150874000.0,496404000.0,129662000.0,46904000.0,186750000.0,False,0.9344975980784628,199840000.0,56.59,0.748068053863121,False,False,65.0,0.059970003,243.0,1.01297,0.95221,60.0,63.0,64.0,False,1.32086,True,19.01588175892775,False,13.636145,False,1.4654384,False,False,22.871270907493184,BBW
0,-1,9.853184064805154,5.201210446745923,17.473227006535613,242014000.0,True,48359000.0,42275000.0,20932000.0,5450000.0,439209000.0,213932000.0,56.18,90.14681593519485,6.890013294570823,True,5.201210446745923,22993000.0,198019000.0,6.801251994319584,False,False,-8.98892563846272,193655000.0,99.07248245237072,0.8001809812655466,62309000.0,0,inf,True,2874000384,287.4000384,440995000.0,3.0692638564891306,-1,17.473227006535613,254505000.0,435545000.0,195468000.0,242014000.0,-1.6025416806611337,34.51799880155769,42.91040735435013,47.30361550747786,62.37127489586527,9.853184064805154,-1,False,51157000,False,913173000.0,275437000.0,489369000.0,1217689000.0,413220000.0,225277000.0,1050794000.0,True,1.1361986434307598,924833000.0,56.18,0.7895624606747011,False,False,51.0,0.38861,388.0,0.9985,0.61048,51.0,51.0,51.0,False,5.1157,True,21.96738629595082,False,14.405128,False,2.3416686,True,False,24.171667759342377,BKE
0,46.057392501153544,405.7906550044873,71.37373814621357,0.934170420749617,45243000.0,True,14924000.0,6956000.0,111000.0,4226000.0,68127000.0,51514000.0,3.22,-305.7906550044873,4.648679113694442,True,71.37373814621357,3574000.0,4744000.0,3.0935666024311455,False,False,-1,30319000.0,960.3737725688947,0.6701368167451318,970000.0,11001000.0,2.873466048541042,False,154081184,15.4081184,14445000.0,29.621601321916778,46.057392501153544,0.934170420749617,107338000.0,10219000.0,3157000.0,45243000.0,-1,16.95974935079598,9.283066255306409,-10.739191073919107,-13.89621916243503,405.7906550044873,103.21953236922046,False,31692700,True,122370000.0,107449000.0,224570000.0,197191000.0,-29397000.0,16613000.0,96689000.0,True,2.5362379665818535,38123000.0,3.22,-3.771201142973773,True,False,6.0,0.12939,139.0,0.73774004,0.64228,3.5,4.884,5.0,False,3.16927,False,2.0329051160694163,True,3.659091,True,0.77399343,False,False,95.47244094488188,BTMD
0,3.9511125775247407,68.8634064474875,10.052514136975342,21.554968215852153,1224734000.0,True,290826000.0,161255000.0,7979000.0,148621000.0,1968110000.0,308371000.0,116.04,31.136593552512497,5.869057348432424,True,10.052514136975342,94021000.0,330290000.0,21.679529140574292,True,True,-1,933908000.0,76.54682438723722,0.7625394575475164,384910000.0,612000.0,2510.516339869281,True,5627650048,562.7650048,1175305000.0,4.52449098102996,3.9511125775247407,21.554968215852153,202254000.0,1026684000.0,1220048000.0,1224734000.0,-1,57.76695741878968,44.19329967080318,67.77490949350248,51.216931748826426,68.86340644748749,48.59576761106907,False,48497500,False,3084619000.0,210233000.0,518604000.0,4261885000.0,1800147000.0,1659739000.0,2665351000.0,True,1.1158585955848799,2388610000.0,116.04,-1,False,False,115.0,0.10248999,584.0,1.0510299,0.94331,105.0,109.5,109.0,False,4.84975,True,55.843545358050605,True,4.650902,True,1.3204603,False,False,24.009725900762376,CALM
0,6.051774148240097,100.0,3.234433382459306,21.4931846100864,10675000.0,True,-505000.0,368000.0,430000.0,0,36727000.0,6655000.0,15.03,0.0,0.0,False,3.234433382459306,302000.0,0,9.83365622170553,True,True,-1,11180000.0,76.78571428571429,1.0473067915690866,-3835000.0,-1,-1,False,151373136,15.1373136,6550000.0,7.376716761343208,6.051774148240097,21.4931846100864,-1,6550000.0,14560000.0,10675000.0,-1,17.67161410018553,20.26897301352869,39.122957867583835,31.714757016930054,100.0,126.83746560421348,False,9851160,False,64867000.0,-1,12498000.0,51294000.0,37216000.0,30072000.0,35577000.0,False,0.8216397228637413,43300000.0,15.03,0.16855653482373173,True,False,,0.66105,23.0,0.25202,0.08542,,,,False,0.985116,True,29.155569795150083,True,9.888158,True,2.726756,False,False,-35.75757575757576,CHCI
0,0.38606191266664386,100.97047501948896,18.61532163600773,-54.69473293921214,-233662000.0,False,967868000.0,806396000.0,7995000.0,379317000.0,705430000.0,187887000.0,9.82,-0.9704750194889743,0.1239387163872103,False,18.61532163600773,154609000.0,3421000.0,-5.281325419110891,False,False,-1,-1201530000.0,824.2246719304143,5.142171170322945,3344000.0,2455000.0,-24.131568228105905,False,2760235008,276.0235008,1612135000.0,0.40447845623472406,0.38606191266664386,-54.69473293921214,57962000.0,1232818000.0,-145777000.0,-233662000.0,-1,-7.887084278288797,-11.95727135633368,-21.575241094738836,-24.840212177305215,100.97047501948897,-39.935796016453864,False,281083008,False,1962662000.0,65957000.0,201821000.0,378968000.0,675668000.0,517543000.0,-201437210.0,False,0.5548271359288296,-363063010.0,9.82,0.09909304569699912,True,False,26.0,0.02908,429.0,0.65835,0.63921,15.0,20.43182,20.0,False,28.1083008,False,-19.14144053530958,True,11.418604,False,4.3678956,False,False,-2.3477705307056653,CLSK
0,100.06069053479261,100.0,655.9245591778571,30.015660638312596,239808000.0,True,37655000.0,556000.0,1030000.0,0,623609000.0,120678000.0,21.08,0.0,0.0,False,655.9245591778571,37774000.0,0,6.352281208061568,False,False,-1,202153000.0,123.34750959490874,0.8429785495062717,52374000.0,0,inf,True,2580002304,258.0002304,3584000.0,134.96198710031564,100.06069053479261,30.015660638312596,2071000.0,3584000.0,163889000.0,239808000.0,-1,26.702502829350806,26.917817629984892,42.25239184182777,35.39664813415059,100.0,2347.4631711496954,False,122391000,False,851411000.0,3101000.0,123779000.0,491734000.0,387881000.0,502931000.0,559827000.0,True,1.564374336332644,357860000.0,21.08,0.008219015625926508,True,False,40.0,0.06197,503.0,0.91051,0.85409,31.0,34.28571,34.0,False,12.2391,True,34.8615442211889,False,12.775758,False,4.619529,False,False,24.21773488761369,CPRX
0,0.7151419354749372,12.37870124224584,4.016677672333635,29.12484908005874,2968000000.0,True,264000000.0,154000000.0,65000000.0,227000000.0,1325000000.0,1712000000.0,54.3,87.62129875775416,8.503334585511176,True,4.016677672333635,680000000.0,2235000000.0,9.549606178806735,True,True,-1,2704000000.0,107.72908366533865,0.9110512129380054,0,800000000.0,4.1,True,26283806720,2628.380672,16066000000.0,0.5417652184737956,0.7151419354749372,29.12484908005874,15047000000.0,15839000000.0,2510000000.0,2968000000.0,-1,21.027888952417253,23.766113875891758,0,0,12.378701242245837,-1.4383921462446836,False,484048000,False,17453000000.0,15112000000.0,17962000000.0,8704000000.0,0.0,-387000000.0,12517000000.0,True,1.1491920675725302,10892000000.0,54.3,0,True,False,71.0,0.49567002,216.0,0.9263,0.46716,45.0,56.42857,55.0,False,48.4048,True,13.86587117445586,False,13.2116785,False,2.6392014,False,False,0.0,CQP
0,-1,100.0,12.1729882744485,-54.767313057756944,-86231000.0,False,-4175000.0,310000.0,3579000.0,0.0,107305000.0,85772000.0,2.12,0.0,0.0,False,12.1729882744485,1768000.0,0,9.115441413985941,True,True,-1,-82056000.0,-257.47905488091874,0.9515835372429868,224000.0,0,inf,True,349615520,34.961552,10603000.0,7.425092072367537,-1,-54.767313057756944,31638000.0,10603000.0,31869000.0,-86231000.0,-1,71.90529616524266,-11.937003938272118,-67.16757645372732,7190.395534822561,100.0,-1,True,164912992,False,120533000.0,35217000.0,120989000.0,138103000.0,-47447000.0,21533000.0,-372085000.0,True,2.0234437453436076,-183887000.0,2.12,-0.19779965013594117,True,False,8.0,0.00791,93.0,0.88357,0.87658,3.5,5.75,5.5,False,16.4912992,False,15.792994766888677,True,4.24,True,2.4777853,False,False,0.6979715202692176,CTMX
0,381.56431379495433,93.03273317375533,93.31105015002724,14.601041928468495,2189800000.0,True,-1,165300000.0,0,-1,34745900000.0,2036500000.0,170.68,6.967266826244665,0.776671487679363,False,93.31105015002724,87100000.0,395200000.0,9.347571518213872,True,True,-1,-1,-1,-1,1478700000.0,0,inf,True,50883801088,5088.3801088,-1,546.8261515601783,381.56431379495433,14.601041928468495,0,70000000.0,4756400000.0,2189800000.0,-1,17.423784335941857,21.438331002796318,20.956812153576372,28.25719361572456,93.03273317375533,5089.762578426799,False,298124000,False,36104300000.0,8243400000.0,10279900000.0,36801400000.0,22696200000.0,32709400000.0,7590100000.0,False,0.3885305650255434,19535400000.0,170.68,0.26308368801825854,True,False,187.0,0.116560005,1526.0,0.97013,0.85706,110.0,158.92857,167.0,False,29.8124,True,14.598065213121195,True,13.709236,False,1.4716849,False,False,23.528569382786767,DHI
0,1.2528739870547962,-29.331635629810744,19.948725233318914,67.79084457023629,132639000.0,True,220389000.0,0,0,0,67832000.0,4247000.0,24.845,129.33163562981073,12.913323413192245,True,19.948725233318914,42767000.0,151881000.0,7.860257940270407,True,True,3.1634738535747164,-87750000.0,-94.91719759002261,-0.661570126433402,0,0,inf,True,1176157312,117.6157312,298980000.0,0.7685386522274931,1.2528739870547962,67.79084457023629,0,298980000.0,92449000.0,132639000.0,4.539715409302911,25.49860025098948,54.07480064766251,0,0,-29.331635629810737,-44.86107646151133,True,47339800,False,366812000.0,777000.0,5024000.0,161523000.0,0.0,63585000.0,489838000.0,True,1.2025079354947992,407347000.0,24.845,0,True,False,,0.09472,158.0,0.28219998,0.25547,,,,False,4.73398,True,48.38615130976369,False,14.361271,False,7.2665544,False,False,0.0,DMLP
0,0.885483414838803,53.942169229815846,0.0,24.691053551005396,6600000000.0,True,5719000000.0,7453000000.0,315000000.0,0,3427000000.0,3309000000.0,35.16,46.057830770184154,4.1981099275756595,True,0.0,0,937000000.0,12.952759659147528,True,True,-1,881000000.0,30.473884469041856,0.13348484848484848,770000000.0,401000000.0,10.331670822942643,True,22319568896,2231.9568896,25314000000.0,0.7098799795141286,0.885483414838803,24.691053551005396,8568000000.0,25314000000.0,2891000000.0,6600000000.0,-1,15.132450331125828,25.93833697626964,23.969820081253626,40.82227309376733,53.94216922981585,11.793656102640137,False,634800000,False,30489000000.0,8883000000.0,15785000000.0,15940000000.0,12061000000.0,118000000.0,26573000000.0,True,1.7181559549980603,15466000000.0,35.16,0.7630378907221623,False,False,66.0,0.007850001,1474.0,0.78656995,0.78039,33.0,45.10714,43.5,False,63.48,True,11.80481829318089,True,7.9189186,True,1.3858782,False,False,20.743534482758623,DVN
0,0.8245476159457384,52.15643823345824,0.0,28.81866738740602,12143000000.0,True,1915000000.0,6372000000.0,503000000.0,0,11230000000.0,5354000000.0,121.11,47.84356176654177,3.15613339886677,True,0.0,0,2087000000.0,9.683144299446061,True,True,-1,10228000000.0,159.7376229892238,0.8422959729885531,1815000000.0,138000000.0,59.80434782608695,True,66125213696,6612.5213696,34212000000.0,0.7030026011517239,0.8245476159457384,28.81866738740602,4099000000.0,34212000000.0,6403000000.0,12143000000.0,-1,19.975138649837447,24.270887498152263,22.794588821644712,29.474491106131936,52.15643823345823,12.393602435959941,False,545993024,False,47186000000.0,4602000000.0,17835000000.0,23378000000.0,28090000000.0,5876000000.0,43367000000.0,True,1.641445874337623,26420000000.0,121.11,0.18038447846208616,True,False,170.0,0.00278,2015.0,0.97013,0.96742994,120.0,140.25,140.5,False,54.5993024,True,14.599721823198122,True,11.746847,False,2.9004831,False,False,22.085665612071065,EOG
0,5.96158586863291,81.63546452016875,15.640715133558858,10.976129959992448,3324000000.0,True,281000000.0,331000000.0,174000000.0,271000000.0,8429000000.0,2897000000.0,54.43,18.364535479831243,2.160235946721663,False,15.640715133558858,385000000.0,277000000.0,17.648425803000446,True,True,-1,3043000000.0,134.4675209898365,0.9154632972322503,768000000.0,403000000.0,8.012406947890819,True,25319636992,2531.9636992,2790000000.0,6.36843133424497,5.96158586863291,10.976129959992448,-1,2519000000.0,2263000000.0,3324000000.0,-1,17.065720760666075,13.92484210287887,21.121896583908903,15.504024601456257,81.63546452016875,37.777566394915105,False,235580992,True,23195000000.0,-1,10840000000.0,16300000000.0,10714000000.0,5532000000.0,8848000000.0,True,1.425257731958763,6208000000.0,54.43,0.6967519133843569,False,False,,0.43964002,735.0,0.97885,0.5485,,,,False,23.5580992,True,10.299472055343164,True,11.08554,False,1.5533519,False,False,25.089839921594248,FOX
0,5.96158586863291,81.63546452016875,15.640715133558858,10.976129959992448,3324000000.0,True,281000000.0,331000000.0,174000000.0,271000000.0,8429000000.0,2897000000.0,59.42,18.364535479831243,2.2203471599114186,False,15.640715133558858,385000000.0,277000000.0,18.13951488404166,True,True,-1,3043000000.0,134.4675209898365,0.9154632972322503,768000000.0,403000000.0,8.012406947890819,True,25276198912,2527.6198912,2790000000.0,6.36843133424497,5.96158586863291,10.976129959992448,-1,2519000000.0,2263000000.0,3324000000.0,-1,17.065720760666075,13.92484210287887,21.121896583908903,15.504024601456257,81.63546452016875,37.777566394915105,False,209955008,True,23195000000.0,-1,10840000000.0,16300000000.0,10714000000.0,5532000000.0,8848000000.0,True,1.425257731958763,6208000000.0,59.42,0.6967519133843569,False,False,72.0,0.013250001,1063.0,1.18039,1.16475,48.0,60.47222,62.0,False,20.9955008,True,10.299472055343164,True,12.101833,False,1.5506871,False,False,25.089839921594248,FOXA
0,3.6045660158464465,100.0,1.5067760443522433,9.69938107881998,158078000.0,True,66416000.0,15536000.0,1782000.0,0,547592000.0,264379000.0,31.03,0.0,0.0,False,1.5067760443522433,8524000.0,0,13.702246990432112,True,True,-1,91662000.0,72.85864173979397,0.5798529839699389,14806000.0,256000.0,511.140625,True,1168779136,116.8779136,481428000.0,2.5659407446042053,3.6045660158464465,9.69938107881998,-1,481428000.0,125808000.0,158078000.0,-1,17.475586034417738,15.216044327426234,43.31992727673406,36.86347889737592,100.0,33.455283367106304,False,29589300,False,1070475000.0,-1,665258000.0,1161042000.0,290416000.0,283213000.0,349742000.0,True,1.2804261472844094,273145000.0,31.03,1.6675320918957632,False,False,44.0,0.13577,197.0,0.52037,0.44972,31.0,36.0,34.5,False,2.95893,True,14.854960804525632,True,9.374622,True,0.97919685,False,False,10.529534754718592,GCT
0,192.09526950643544,99.09103955137927,34.44652381115882,16.932214442454878,25912000.0,True,4363000.0,4365000.0,0,0,2111286000.0,229527000.0,71.04,0.9089604486207321,0.0928958217877559,False,34.44652381115882,4879000.0,2875000.0,12.329553518343396,True,True,-1,21549000.0,5.647264160090989,0.8316224143254091,94725000.0,0,inf,True,3094864640,309.486464,13793000.0,149.38032880222048,192.09526950643544,16.932214442454878,0,13793000.0,381583000.0,25912000.0,-1,23.606176195899266,22.95200993225156,29.33665153639875,29.839060688694683,99.09103955137927,3188.586940783781,False,43565100,False,2249994000.0,336606000.0,551831000.0,2098943000.0,1300704000.0,1881759000.0,237549000.0,False,0.20686673302453412,1148319000.0,71.04,0.26520176765812975,True,False,62.0,0.082270004,410.0,0.85576,0.78536004,62.0,62.0,62.0,False,4.35651,True,20.053425630849176,True,9.072797,True,1.447726,False,False,18.50531374540908,GRBK
0,6.1453057004219716,68.36435588935745,20.990007450174456,16.18088111954331,680883000.0,True,179805000.0,82034000.0,95788000.0,0,1162548000.0,1298610000.0,52.13,31.635644110642556,2.8260015763540762,False,20.990007450174456,116827000.0,197330000.0,8.67539377141204,True,True,-1,501078000.0,82.71712341091465,0.7359237930745811,171953000.0,78113000.0,10.59964410533458,True,6982657024,698.2657024,656283000.0,6.019576052266827,6.1453057004219716,16.18088111954331,1397410000.0,656283000.0,605773000.0,680883000.0,-1,43.73486226955032,39.34302149053146,668.6679029516304,928.9849536528385,68.36435588935744,46.98908861919151,False,133947000,False,3263898000.0,1493198000.0,3175002000.0,3760995000.0,90594000.0,-136062000.0,3032121000.0,True,1.3134798723306926,2308464000.0,52.13,22.3552111618871,False,False,62.0,0.01237,750.0,0.96443003,0.9525,48.0,55.0,55.0,False,13.3947,True,18.819781223495642,False,11.794118,False,1.8565983,False,False,22.005674408723795,HRB
0,913.266483170005,100.0,3826.823013865216,27.97995626927192,219821000.0,True,24998000.0,1153000.0,8121000.0,0,579252000.0,175082000.0,37.86,0.0,0.0,False,3826.823013865216,24112000.0,0,6.679554355199182,False,False,-1,194823000.0,133.90541125689896,0.8862802007087585,46311000.0,17496000.0,10.906835848193873,True,2178184192,217.8184192,1257000.0,878.051597051597,913.266483170005,27.97995626927192,171145000.0,1257000.0,145493000.0,219821000.0,-1,25.396848509558094,25.530311593709982,31.155351697673623,53.4799611933168,100.0,21726.333247423285,False,57532600,False,999200000.0,179266000.0,340045000.0,714734000.0,466992000.0,404170000.0,682231000.0,True,1.3911413080049184,490411000.0,37.86,0.38387381368417445,True,False,70.0,0.110360004,399.0,1.06759,0.94977,31.0,50.54545,49.0,False,5.75326,True,17.930046041151126,True,12.212904,False,2.8195574,False,False,24.1449604804905,HRMY
0,4.57486206748589,-1,16.61569314385817,5.669431512282421,35900000.0,True,-2332000.0,8855000.0,1888000.0,1705000.0,179958000.0,70996000.0,30.22,-1,-1,False,16.61569314385817,19461000.0,-1,8.328097021194479,True,True,128.14513176934832,38232000.0,113.59976229386422,1.064958217270195,7331000.0,514000.0,76.71011673151752,True,404113920,40.411392,90712000.0,5.058450245428368,4.57486206748589,5.669431512282421,-1,89007000.0,33655000.0,35900000.0,0.10481170696499806,18.61754625226551,15.941765252359437,22.442052759328906,25.626177954227657,-1,-1,False,13372400,False,293904000.0,-1,128105000.0,508569000.0,149964000.0,108962000.0,133842000.0,True,1.3413441302038445,99782000.0,30.22,0.44690058947480726,True,True,31.0,0.13052,198.0,1.08582,0.9441,30.0,30.5,30.5,False,1.33724,False,11.473660525562176,False,13.43111,False,0.754414,True,False,17.886595422827305,IBEX
0,4.21253804949895,100.0,62.34389376817995,10.466464060597277,31700000.0,True,-1,28800000.0,10000000.0,-1,159900000.0,104000000.0,8.67,0.0,0.0,False,62.34389376817995,47700000.0,0,27.763408714201347,True,True,-1,-1,-1,-1,-63000000.0,32800000.0,0.9359756097560976,False,233400736,23.3400736,-1,3.575210589651023,4.21253804949895,10.466464060597277,301000000.0,91300000.0,64800000.0,31700000.0,-1,10.34688995215311,17.283657224955004,-85.37549407114624,-37.646487201967595,100.0,-18.253515669200638,False,26920500,False,438400000.0,311000000.0,441700000.0,297100000.0,-75900000.0,55900000.0,118400000.0,True,2.2638623326959846,52300000.0,8.67,-4.621870882740448,True,False,20.0,0.06758,131.0,0.88685,0.82691,10.0,13.33333,12.5,False,2.69205,True,18.892128279883384,True,4.070422,True,0.7759333,False,False,-3500.0,INSE
0,6.62044208103195,82.18825345923155,32.78731675658738,16.0290049972415,93439000.0,True,200086000.0,13594000.0,5132000.0,0,641391000.0,162658000.0,17.4,17.811746540768453,6.265510235786334,True,32.78731675658738,39524000.0,74983000.0,11.725427414703562,True,True,60.66208492455083,-106647000.0,-76.0,-1.141354252506983,2487000.0,2430000.0,35.07942386831276,True,1196758016,119.6758016,245659000.0,3.9957128517698846,6.62044208103195,16.0290049972415,19891000.0,245659000.0,140325000.0,93439000.0,0.1365880188639321,14.035416616336096,20.37425073347138,42.66221980353945,35.70971725569717,82.18825345923155,54.43011746322692,True,68779200,False,1197483000.0,25023000.0,239327000.0,660803000.0,328921000.0,478733000.0,161467000.0,False,0.5618549526414319,287382000.0,17.4,0.2768689138121312,True,False,21.0,0.02554,252.0,1.0735099,1.0461,14.0,18.33333,20.0,False,6.87792,True,29.523458868083313,True,8.285714,True,1.3801001,True,True,1.741450298294261,INVX
0,0.0,31.05806956866149,0.0,81.48821193610227,-87118000.0,False,0,0,0,0,0,0,65.09,68.9419304313385,5.504649344956846,True,0.0,0,320427000.0,8.728360091957526,True,True,-1,-87118000.0,-17.146512360258225,1.0,30633000.0,123429000.0,0.0,False,5821024256,582.1024256,0,0,0.0,81.48821193610227,0,0,508080000.0,-87118000.0,-1,-1,-1,20.50860600169775,18.11133901100341,31.058069568661494,0.0,False,89430400,False,5121341000.0,0,2323503000.0,601251000.0,2477399000.0,0,-564105000.0,False,-0.37385305140516734,1508895000.0,65.09,0.8566932496541736,False,False,64.0,0.03841,460.0,0.24881001,0.23924999,57.0,60.6,60.0,False,8.94304,True,11.434049649268493,True,10.705591,False,10.426599,False,False,5.686330198083209,MAIN
0,-1,90.31267337446393,11.951736743794257,16.006661021724643,767800000.0,True,596500000.0,310100000.0,12800000.0,241400000.0,609600000.0,560400000.0,106.31,9.68732662553609,1.3256443632496477,False,11.951736743794257,286800000.0,44800000.0,14.096807469913667,True,True,-13.264510719421374,171300000.0,35.957178841309826,0.22310497525397238,123000000.0,7500000.0,73.64,True,3379488512,337.9488512,2860000000.0,1.4441326046128848,-1,16.006661021724643,377700000.0,2618600000.0,476400000.0,767800000.0,-0.5455833353433852,15.040892193308549,20.639512306502198,19.844212104802768,32.19498756560381,90.31267337446391,-1,False,31789000,False,4595400000.0,390500000.0,1943400000.0,3421800000.0,2400700000.0,49200000.0,3534300000.0,True,1.2783203125,2764800000.0,106.31,0.3119923355687924,True,True,160.0,0.0188,511.0,0.91291,0.89575,115.0,137.5,137.5,False,3.1789,True,11.093000512271225,True,7.236896,True,0.9753777,True,False,20.52052052052052,MATX
0,-1,71.7614565453349,8.38567467069637,21.514420001378088,374375000.0,True,194409000.0,231459000.0,0,15100000.0,234453000.0,283879000.0,124.02,28.23854345466511,1.5319175943197771,False,8.38567467069637,107455000.0,46759000.0,7.591836189374003,True,True,36.643850038853685,179966000.0,77.66293957976413,0.48071051752921534,81922000.0,47241000.0,5.170593340530472,True,3052318208,305.2318208,1600198000.0,0.6933993842739034,-1,21.514420001378088,0,1585098000.0,231727000.0,374375000.0,0.3295491327247492,18.101474390644555,12.74780625228373,24.8154319652346,20.754910469744477,71.7614565453349,-1,True,24611500,True,2277584000.0,870337000.0,1154216000.0,910942000.0,933802000.0,-49426000.0,859893000.0,True,1.4069137143707942,611191000.0,124.02,0.6320483357285591,False,False,150.0,0.01007,356.0,0.92606,0.91674006,139.0,144.0,143.5,False,2.46115,True,10.450943790215323,True,12.075949,False,3.2418497,True,False,26.11900564006262,MGRC
0,0.8403797373455691,80.7447439642009,18.276750838646688,37.40415026960414,920850000.0,True,668500000.0,486729000.0,599000.0,0,410824000.0,290261000.0,24.25,19.25525603579911,2.17256468824935,False,18.276750838646688,414487000.0,97620000.0,8.146049325403041,True,True,-1,252350000.0,68.94300147256897,0.27404028886355,95813000.0,14371000.0,35.6264699742537,True,4627264000,462.7264,2306034000.0,0.6038868256596119,0.8403797373455691,37.40415026960414,562649000.0,2306034000.0,366027000.0,920850000.0,-1,20.05529180336161,30.32424255400413,21.63702140488393,51.903957793645226,80.7447439642009,7.10430165356235,False,185291008,False,2820835000.0,563248000.0,853509000.0,1315886000.0,1691670000.0,120563000.0,3861803000.0,True,1.8697177899021373,2065447000.0,24.25,0.2320269319666365,True,False,34.0,0.013459999,504.0,1.20199,1.1858001,19.0,26.8,27.0,False,18.5291008,True,13.280054973920766,True,12.630209,False,3.4816954,False,False,19.42904999158459,MGY
0,45.70076351642911,100.0,16.063676241612466,11.9760526710135,179736000.0,True,12578000.0,8417000.0,0,0,4196972000.0,267906000.0,146.92,0.0,0.0,False,16.063676241612466,15452000.0,0,14.53903110855768,True,True,-1,167158000.0,29.65240143687081,0.930019584279165,169883000.0,-1,-1,False,3877321472,387.7321472,88408000.0,50.13823807668763,45.70076351642911,11.9760526710135,0,88408000.0,563725000.0,179736000.0,-1,16.490241458795065,17.002811976175437,22.397245225251783,25.026843195814624,100.0,531.2510747366748,False,26390700,False,4549796000.0,1342213000.0,1610119000.0,4504670000.0,2516939000.0,3929066000.0,899115000.0,False,0.46911490018887414,1916620000.0,146.92,0.41182801808069247,True,False,185.0,0.024,431.0,1.0071701,0.98299,150.0,162.0,151.0,False,2.63907,True,14.01450363460984,True,8.068095,True,0.8641482,False,False,23.157190216028177,MHO
0,8.635168389131197,88.56777036832518,10.48519303958867,16.735661615768393,645908000.0,True,177295000.0,80203000.0,40734000.0,79216000.0,2012229000.0,397987000.0,94.35,11.432229631674815,0.8531362071395984,False,10.48519303958867,53133000.0,89107000.0,5.791286608665908,False,False,-1,468613000.0,77.47218865260656,0.7255104442118692,205076000.0,410000.0,1859.490243902439,True,10444639232,1044.4639232,627049000.0,7.785355434180845,8.635168389131197,16.735661615768393,-1,547833000.0,604879000.0,645908000.0,-1,28.375215483046706,36.442789452976996,25.87778535965552,37.80293470875589,88.56777036832518,117.50874717957052,False,110701000,False,3290906000.0,-1,486498000.0,3768766000.0,2337445000.0,1614242000.0,2354318000.0,True,1.0084408030113783,2334612000.0,94.35,0.014442264951688703,True,False,130.0,0.025799999,736.0,0.92093,0.89716005,99.0,114.5,114.5,False,11.0701,True,21.92145764452664,False,15.0,False,2.5727582,False,False,24.995185639310534,MLI
0,2.7856671709664753,-611.2745943966064,18.61178815729356,17.25782008284339,21468000000.0,True,4949000000.0,3372000000.0,8706000000.0,7984000000.0,38782000000.0,28420000000.0,87.37,711.2745943966064,3.592522929248063,True,18.61178815729356,4499000000.0,7840000000.0,7.843522318869785,True,True,-1,16519000000.0,96.50639714903313,0.769470840320477,2803000000.0,1271000000.0,15.909520062942565,True,218231046144,21823.1046144,31763000000.0,2.740465513559684,2.7856671709664753,17.25782008284339,28405000000.0,23779000000.0,17117000000.0,21468000000.0,-1,23.912455178945944,16.052314933715625,45.546951917192196,28.121455015911863,-611.2745943966064,-312.4792549546773,False,2497779968,False,117106000000.0,37111000000.0,70734000000.0,64168000000.0,37581000000.0,10362000000.0,67678000000.0,True,1.5022863485016649,45050000000.0,87.37,0.9874936803171815,False,False,141.0,0.00067000004,4219.0,0.80581003,0.80527,82.0,100.41,99.0,False,249.7779968,True,16.045933911413172,False,13.462251,False,3.4304428,False,False,14.059991974317818,MRK
0,9174075.0,-213.4126933060287,0.0,174.38981469108265,93936096.0,True,0.0,0,0,0,101728452.0,78400735.0,32.01,313.4126933060287,4.217435147933954,True,0.0,0,17712013.0,22.20967604445257,True,True,-1,93936096.0,100.70957745537532,1.0,0,0,inf,True,419971168,41.9971168,2.0,12727750.0,9174075.0,174.38981469108265,0,2.0,93274243.0,93936096.0,-1,88.47069495004227,73.8685862681176,444.6893623529486,209.2979024093745,-213.4126933060287,-3414315496.269469,False,13120000,False,101728455.0,0.0,78400735.0,25455500.0,20975146.0,23327717.0,185249804.0,False,0.9941899264555744,186332409.0,32.01,0.0,True,False,,0.00077,67.0,0.45473,0.45438,,,,False,1.312,True,349.4680137601782,False,4.495786,True,16.218489,False,False,0.0,MSB
0,0.467717023692898,243.1765505635266,7.717408642888084,-2.2645437766424243,6363000000.0,True,-1056000000.0,3402000000.0,786000000.0,5183000000.0,12275000000.0,7543000000.0,70.77,-143.1765505635266,1.4729092137580857,False,7.717408642888084,2576000000.0,1145000000.0,4.306812268700499,False,False,-1,7419000000.0,221.59498207885306,1.165959453088166,1397000000.0,375000000.0,15.76,True,77737304064,7773.7304064,38730000000.0,0.5254394599915624,0.467717023692898,-2.2645437766424243,7690000000.0,33547000000.0,3348000000.0,6363000000.0,-1,10.146293488505512,2.3432499239315527,11.53408895166569,-1.1000626887130938,243.1765505635266,-10.29305119667372,False,1098450048,True,56349000000.0,8476000000.0,26240000000.0,18682000000.0,29027000000.0,4732000000.0,16625000000.0,True,10.449402891263356,1591000000.0,70.77,0.30909153546697904,True,False,87.0,0.00262,1937.0,0.80244005,0.80033994,58.0,72.33,72.0,False,109.8450048,False,6.0317803480704795,True,12.820652,False,3.776589,False,False,30.52217609788071,NEM
0,0.7125606766102686,81.98879216123082,0.0,37.12786334297157,1408663000.0,True,1150606000.0,1691848000.0,5271000.0,0,500743000.0,544270000.0,25.1,18.011207838769195,6.611986042983761,True,0.0,0,161969000.0,21.240294340600947,True,True,-1,258057000.0,49.596969487303674,0.18319285734061305,160509000.0,157717000.0,4.91934287362808,True,2449627136,244.9627136,5082170000.0,0.4801031403855494,0.7125606766102686,37.12786334297157,-1,5082170000.0,520308000.0,1408663000.0,-1,16.57328553990551,26.052789264172247,25.40968395390677,169.5586747198533,81.9887921612308,21.69083631868334,False,97594704,False,5603822000.0,-1,3283387000.0,2163761000.0,2047676000.0,-43527000.0,3916869000.0,True,1.7620734409267278,2222875000.0,25.1,1.1570648872184857,False,False,50.0,0.029690001,499.0,1.22145,1.18518,25.0,33.8,33.0,False,9.7594704,True,11.602997599378268,True,4.1419144,True,1.1698097,False,False,23.575938908693526,NOG
0,1.1050631676946578,103.70380753935882,5.8472737122279455,-67.10675056181456,23153807.0,True,63325804.0,2303897.0,9996244.0,1892598.0,292478885.0,140866125.0,92.4,-3.703807539358819,1.2542475537874378,False,5.8472737122279455,18971972.0,6437966.0,10.165569967698454,True,True,-1,-40171997.0,-76.98857329423113,-1.7350061266382673,14476821.0,19932015.0,6.9087549352135245,True,513293088,51.3293088,326586523.0,1.6157683720511606,1.1050631676946578,-67.10675056181456,30419138.0,324693925.0,52179168.0,23153807.0,-1,25.207441179203123,-30.762819509045432,84.90880294415962,-111.11719724586702,103.70380753935882,-82.75111196520932,False,5555120,False,655320393.0,40415382.0,453428516.0,479948633.0,61453190.0,151612760.0,248449853.0,False,-0.869330226308993,-285794564.0,92.4,5.537494310710315,False,False,300.0,0.35812,144.0,0.49443,0.31737,220.0,248.33333,225.0,False,0.555512,False,13.102261894501721,True,1.721953,True,0.8222101,False,False,13.190876484032957,NUTX
0,2.590726923396628,100.0,10.077053561210564,-55.53319498680899,-87263000.0,False,-179138000.0,14639000.0,21888000.0,39513000.0,1128942000.0,1154416000.0,7.84,0.0,0.0,False,10.077053561210564,48496000.0,0,-14.724414657811261,False,False,-1,91875000.0,-49.00026133472712,-1.0528517240984152,10884000.0,20075000.0,-12.400049813200498,False,1273388544,127.3388544,339511000.0,1.724837449920163,2.590726923396628,-55.53319498680899,-1,299998000.0,-187499000.0,-87263000.0,-1,-38.556460313003384,-16.420911394719507,26.153150878680815,99.73426296256497,100.0,-153.94839695577124,False,162422000,False,1560418000.0,-1,2184259000.0,682162000.0,-716927000.0,-25474000.0,-894221000.0,False,0.28530612257920634,-3134251000.0,7.84,-0.32139813398016814,True,False,25.0,0.08756,328.0,0.63743997,0.58163,6.0,12.85714,8.0,False,16.2422,False,-10.431156779731737,False,3.5315316,True,1.1804647,False,False,-6.162556974209439,NVAX
0,6.972577324472809,100.0,9.695428388571921,8.545176409574315,1781000.0,True,274000.0,1731000.0,0,0,20072000.0,4950000.0,10.4,0.0,0.0,False,9.695428388571921,487000.0,0,5.240491845193868,False,False,-1,1507000.0,39.99469214437367,0.8461538461538461,1006000.0,47000.0,102.57446808510639,True,71901648,7.1901648,3525000.0,9.36114553214925,6.972577324472809,8.545176409574315,0,3525000.0,3768000.0,1781000.0,-1,23.439323220536757,16.553045520814813,25.356662180349932,17.25319649389444,100.0,49.886474878445924,False,6913620,False,25518000.0,-1,6710000.0,33995000.0,14860000.0,15122000.0,4008000.0,False,0.4243515087347803,9445000.0,10.4,0.22866756393001345,True,False,,0.22660999,37.0,0.45763,0.35393003,,,,False,0.691362,True,16.9584589765516,False,13.866666,False,1.8211709,False,False,21.072475911185588,OPXS
0,0.3866909732470991,100.0,14.13571589832817,19.98782190001192,12766000.0,True,25171000.0,169000.0,917000.0,0,13215000.0,6908000.0,0.58,0.0,0.0,False,14.13571589832817,16030000.0,0,33.3451725660011,True,True,-1,-12405000.0,-69.73410534600035,-0.9717217609274635,-12751000.0,-1,-1,False,53348052,5.3348052,103736000.0,0.39885847396523993,0.3866909732470991,19.98782190001192,-1,103736000.0,17789000.0,12766000.0,-1,3.775888826740824,3.9098863310157124,17.53440050467216,7.468181642755849,100.0,-6.406605594722881,False,91979400,False,133845000.0,-1,12745000.0,39553000.0,101452000.0,6307000.0,58198000.0,True,2.766985213711786,21033000.0,0.58,0.002247368213539408,True,False,1.5,0.7023,27.0,0.082399994,0.024530001,1.5,1.5,1.5,False,9.19794,True,14.492765430489474,True,4.142857,True,1.509822,False,False,-253.09646685192538,PED
0,58.680480792238505,94.52677297656139,28.12149002236569,16.579173371018957,1680794000.0,True,137266000.0,118545000.0,0,0,16578401000.0,1495979000.0,132.33,5.473227023438611,0.6423477316994367,False,28.12149002236569,89162000.0,167707000.0,11.80944356487844,True,True,-1,1543528000.0,50.06152574773082,0.9183326451665106,922617000.0,479000.0,8120.866388308977,True,26108444672,2610.8444672,346992000.0,55.573635969529946,58.680480792238505,16.579173371018957,0,346992000.0,3083262000.0,1680794000.0,-1,25.24837746720021,25.01788792661473,29.694555378914345,31.278286954731556,94.52677297656139,891.5047792684222,False,197298000,False,17363763000.0,-1,5241799000.0,17946950000.0,10383257000.0,15082422000.0,5550043000.0,False,0.5415061227281432,10249271000.0,132.33,0.21712965401896533,True,False,163.0,0.0065499996,1358.0,0.96617997,0.95986,98.0,135.84615,140.0,False,19.7298,True,19.166111872593174,True,9.904941,True,1.4755083,False,False,23.031574343608483,PHM
0,0.7281847428808587,100.0,-1,27.33623984078695,115909000.0,True,-1,119239000.0,11000.0,0,28270000.0,49655000.0,150.06,0.0,0.0,False,-1,-1,0,22.23500843565013,True,True,-1,-1,-1,-1,15769000.0,1546000.0,44.51293661060802,True,249174624,24.9174624,295837000.0,0.8475095840972832,0.7281847428808587,27.33623984078695,-1,295837000.0,55404000.0,115909000.0,-1,26.446446300828825,23.677643562330413,34.42311276794035,34.51887035965199,100.0,-1,False,1660500,False,324622000.0,-1,121697000.0,233894000.0,160950000.0,-21385000.0,286668000.0,True,2.1350274449053765,134269000.0,150.06,0.05133892513202858,True,False,,0.80612,131.0,1.3391,0.25962,,,,False,0.16605,True,19.19963405505808,True,10.10505,False,1.1413327,False,False,22.155873716156407,PNRG
0,-1,100.0,12.574062092780943,4.066392577233041,1990127000.0,True,243903000.0,476153000.0,200879000.0,299933000.0,5120163000.0,2552133000.0,46.16,0.0,0.0,False,12.574062092780943,433622000.0,0,9.908081780494312,True,True,227.8239724193367,1746224000.0,160.72928229682688,0.877443499836945,325046000.0,161175000.0,9.923728866139289,True,10965170176,1096.5170176,3693537000.0,5.359397543734376,-1,4.066392577233041,3006092000.0,3393604000.0,1086438000.0,1990127000.0,0.03903903046528177,19.428969247545485,14.936527833272706,32.61232909443917,24.29229583216524,100.0,-1,False,237547008,False,10650576000.0,3206971000.0,6397180000.0,17878291000.0,3331372000.0,2568030000.0,3664326000.0,True,1.677081588435757,2184942000.0,46.16,1.0404848212688347,False,True,57.0,0.82502997,558.0,1.22278,0.21395001,40.0,49.28571,49.0,False,23.7547008,False,11.074393694584735,True,8.894027,True,0.60323036,True,False,23.015870206030154,PPC
0,-1,100.0,86.09676229035684,-63.94721639684341,-107688000.0,False,-6641000.0,74249000.0,44087000.0,3034000.0,1365531000.0,580981000.0,50.57,0.0,0.0,False,86.09676229035684,75663000.0,0,-9.043522862064052,False,False,-13.975113361152191,-101047000.0,27.81403542575593,0.9383311046727584,176000.0,166993000.0,-0.8787613852077631,False,4017184512,401.7184512,120689000.0,4.558014717306253,-1,-63.94721639684341,2323101000.0,117655000.0,-363295000.0,-107688000.0,-0.513273074402354,-17.448264879546425,-33.17578856934835,44.38247888046619,-12883.234088946396,100.0,-1,False,79438096,False,1705024000.0,2367188000.0,2803095000.0,806780000.0,-818555000.0,784550000.0,-874092000.0,False,0.42169279777230695,-2072817000.0,50.57,-3.0188221927665215,True,False,118.0,0.02471,399.0,1.04394,1.0181401,44.0,66.6875,65.5,False,7.9438096,False,-19.164181214518347,True,7.1730494,True,2.2761168,True,False,-0.048468959211718475,PTCT
0,43.39927157039193,100.0,20.945184178286233,6.172970523406175,6170000.0,True,7860000.0,2572000.0,7034000.0,0,97038000.0,53633000.0,25.94,0.0,0.0,False,20.945184178286233,2102000.0,0,6.932890299221994,False,False,-1,-1690000.0,-12.681023486155924,-0.2739059967585089,6863000.0,2215000.0,9.67765237020316,True,192228640,19.222864,12542000.0,28.80885853254683,43.39927157039193,6.172970523406175,37926000.0,12542000.0,13327000.0,6170000.0,-1,28.56177655397481,42.3754666860403,51.67506785575805,61.590896899125546,100.0,246.95723996304278,False,7410510,True,132077000.0,44960000.0,98593000.0,278380000.0,25790000.0,43405000.0,47850000.0,False,0.7713263266490424,62036000.0,25.94,1.6354400930593254,False,False,32.0,0.35116002,108.0,0.63391,0.41131002,30.0,31.0,31.0,False,0.741051,False,11.06121974702035,False,14.655368,False,0.6409416,False,False,33.99207528479445,RCMT
0,-1,100.0,10.253581874337266,32.28355782000798,4420500000.0,True,1312800000.0,881600000.0,349200000.0,1721600000.0,18660900000.0,3944300000.0,589.48,0.0,0.0,False,10.253581874337266,482900000.0,0,7.185927341496952,True,True,-18.802376161008326,3107700000.0,70.42786565743553,0.7030200203596878,367300000.0,55200000.0,72.29528985507247,True,62477213696,6247.7213696,6321300000.0,3.5911700002528635,-1,32.28355782000798,4112300000.0,4599700000.0,4412600000.0,4420500000.0,-0.7905031455983229,14.298641731060977,15.855830407930142,16.98911566197335,19.182825874276453,100.0,-1,False,104170000,False,37759400000.0,4461500000.0,8405800000.0,14202000000.0,25973100000.0,14716600000.0,21110700000.0,True,1.015919229640181,20779900000.0,589.48,0.1041231119889424,True,True,890.0,0.01935,1755.0,0.92164004,0.90379995,543.0,716.78046,750.0,False,10.417,True,13.339097103403244,True,14.8633375,False,4.395408,True,False,7.684261177012071,REGN
0,-1,100.0,142.47702562760927,-20.14217884814803,31471000.0,True,-1,396000.0,10165000.0,-1,135103000.0,63299000.0,41.5,0.0,0.0,False,142.47702562760927,2228000.0,0,2.348878042987625,False,False,-1,-1,-1,-1,881000.0,7918000.0,3.055316999242233,True,744397952,74.4397952,-1,94.03514293207448,-1,-20.14217884814803,49515000.0,338000.0,17485000.0,31471000.0,-1,26.107253891156866,-27.272094370732948,-61.04245217148443,-23.201956887081707,100.0,-1,False,17937300,False,163976000.0,59680000.0,160688000.0,179278000.0,-28644000.0,71804000.0,-42152000.0,False,0.5012545634000451,-84093000.0,41.5,-2.093457617651166,True,False,67.0,0.026530001,177.0,0.80501,0.78365,23.0,38.33333,29.5,False,1.79373,False,14.91576029004052,False,7.642726,True,2.7784233,False,False,4.796907328759665,RIGL
0,-1,-2.8603291345977837,0.0,18.87652214310982,261592000.0,True,-22500000.0,102533000.0,678000.0,779000.0,436893000.0,388710000.0,27.11,102.86032913459779,4.7989967927456885,True,0.0,0,200566000.0,8.593407163348902,True,True,30.67658076472717,284092000.0,79.10187193544704,1.0860118046423437,7050000.0,36916000.0,10.919086574926862,True,4233985792,423.3985792,101824000.0,10.233366688408234,-1,18.87652214310982,1108534000.0,101045000.0,359147000.0,261592000.0,0.35634518996228237,13.382629405429999,8.184852639831128,19.303415789858406,11.54916791185461,-2.8603291345977944,-1,False,154162000,False,3474419000.0,1109212000.0,1642043000.0,1262997000.0,1860536000.0,48183000.0,1154267000.0,True,1.456916670768819,792267000.0,27.11,0.637186810682513,False,False,37.0,0.00896,465.0,0.96852994,0.95985,27.0,30.28571,31.0,False,15.4162,True,9.846158485682993,True,10.931452,False,3.4146614,True,False,1.8748354532713885,RYN
0,82.01801602931194,27.860898273825267,33.12112969631993,40.64748010622531,48761807.0,True,505136.0,42450.0,4914613.0,0,231044884.0,25331613.0,9.13,72.13910172617473,6.526074182442749,True,33.12112969631993,538421.0,42665044.0,9.05744680050461,True,True,-1,48256671.0,81.49507712810046,0.9896407448559074,16856174.0,-1,-1,False,653762816,65.3762816,1298423.0,105.48474581684334,82.01801602931194,40.64748010622531,-1713963.0,1298423.0,59214216.0,48761807.0,-1,31.95504304726934,32.77499927448762,30.079520862116745,29.84424074468419,27.860898273825274,895.7126502152202,False,71606000,False,244337026.0,3200650.0,28532263.0,138719350.0,196858907.0,205713271.0,196666836.0,False,0.8527055924815782,230638614.0,9.13,0.002777725470151066,True,False,,0.43236,247.0,0.88408,0.50184,,,,False,7.1606,True,23.28034257763688,False,8.008772,True,3.6393058,False,False,22.15865332095708,SIGA
0,0.5226413735038119,92.81353191988173,0.0,32.22272511282396,1782514000.0,True,2740102000.0,3414307000.0,25201000.0,481893000.0,434699000.0,789950000.0,27.78,7.18646808011826,2.6623476886294,False,0.0,0,85020000.0,24.1212395685416,True,True,-1,-957588000.0,-124.31477372895768,-0.5372120499474338,195930000.0,140659000.0,7.29236664557547,True,3193422080,319.342208,8474602000.0,0.3996199004437761,0.5226413735038119,32.22272511282396,3524239000.0,7992709000.0,770293000.0,1782514000.0,-1,14.215038802716991,20.448595518994143,21.30323437089481,33.90238052422335,92.81353191988174,15.630661301671642,False,114954000,False,8576647000.0,3549440000.0,4339390000.0,2671285000.0,3615850000.0,-355251000.0,6203086000.0,True,2.2669164881444432,2736354000.0,27.78,0.767936446478698,False,False,59.0,0.01608,494.0,1.0338401,1.01722,27.0,40.07692,40.0,False,11.4954,True,12.073586379905283,True,3.9292786,True,1.0635449,False,False,20.27792755916595,SM
0,21.820820981599436,100.0,43.39359529518587,6.7631552993082495,153563000.0,True,21985000.0,14444000.0,17727000.0,0,911054000.0,268433000.0,14.92,0.0,0.0,False,43.39359529518587,17650000.0,0,10.896456300927184,True,True,-1,131578000.0,61.032720120972606,0.8568340029824892,-125159000.0,-1,-1,False,1978496512,197.8496512,35808000.0,22.8690120539231,21.820820981599436,6.7631552993082495,-1,35808000.0,215586000.0,153563000.0,-1,6.913420555991433,-1.9080748090240813,56.57311552843929,13.592298299465282,100.0,104.18400576177498,False,132607000,False,1211613000.0,-1,636236000.0,769325000.0,381075000.0,642621000.0,228604000.0,True,1.9648296489840822,116348000.0,14.92,0.9686255986354392,False,False,24.0,0.07717,378.0,0.97331,0.8982,15.0,18.7,19.0,False,13.2607,False,20.778552365641453,False,8.674418,True,2.5598218,False,False,-138.40888230285202,UPWK
0,-1,100.0,5.9761095866555785,40.46894836542811,1327100000.0,True,208600000.0,246500000.0,169700000.0,218200000.0,3873900000.0,738100000.0,312.23,0.0,0.0,False,5.9761095866555785,72500000.0,0,8.463277052927825,True,True,35.61837257259677,1118500000.0,93.59049451928709,0.8428151608771004,343900000.0,42900000.0,33.75524475524475,True,14121008128,1412.1008128,1440600000.0,3.01788242697572,-1,40.46894836542811,-1,1222400000.0,1195100000.0,1327100000.0,0.3420203709523906,23.874492521770627,20.69205305177057,19.968921267210266,19.62365586382334,100.0,-1,True,45226300,False,7364000000.0,-1,920000000.0,2877400000.0,5984800000.0,3135800000.0,3705800000.0,True,1.0954182678096365,3383000000.0,312.23,0.0501269883705387,True,True,510.0,0.0177,964.0,1.01358,0.99564004,295.0,380.5675,400.0,False,4.52263,True,16.675038370308357,True,12.182209,False,4.5880203,True,False,22.34567901234568,UTHR
0,144.1664367357076,100.0,105.33630456557391,0.6026955469077072,-1048612.0,False,4470.0,0,0,0,9816279.0,4652568.0,3.57,0.0,0.0,False,105.33630456557391,164126.0,0,6.063739263329387,False,False,-1,-1053082.0,-210.32867037892166,1.0042627778434732,-361000.0,262365.0,1.532403331237017,False,8257017,0.8257017,0.0,295.17905997895474,144.1664367357076,0.6026955469077072,0,0.0,500684.0,-1048612.0,-1,7.786047669979982,4.607247375333327,10.737317197605762,4.428243170830815,100.0,-18.44783513141124,False,2312890,False,9816279.0,-1,4652568.0,23563554.0,4663027.0,5163711.0,-812644.0,False,-1.8173653431136854,447155.0,3.57,0.4533081193825384,True,False,,0.3089,12.0,0.18603,0.12856,,,,False,0.231289,False,6.007186778247698,True,2.9999998,True,0.36232015,False,False,-258.440479940437,UUU
0,5.302319505312458,97.24938392171983,10.541794041555603,7.8107223180100815,33128000.0,True,36635000.0,6295000.0,2595000.0,0,102173000.0,34275000.0,8.47,2.7506160782801725,1.0975103267057187,False,10.541794041555603,5690000.0,1463000.0,16.236851340545847,True,True,-1,-3507000.0,-16.203104786545925,-0.10586211060130403,6780000.0,349000.0,79.82521489971347,True,133301712,13.3301712,72021000.0,4.7081708621802525,5.302319505312458,7.8107223180100815,1541000.0,72021000.0,21644000.0,33128000.0,-1,18.248758490781437,19.23043045050977,23.737922109257614,30.26835660866804,97.24938392171983,29.733985111648348,False,15738100,False,191946000.0,4136000.0,82681000.0,266240000.0,91179000.0,67898000.0,55899000.0,True,1.243166907594796,44965000.0,8.47,0.45861437392382015,True,False,12.0,0.15701,115.0,0.61232,0.51618,12.0,12.0,12.0,False,1.57381,False,14.779610092526205,True,6.8306456,True,0.5263454,False,False,23.853081902617507,VIRC
0,0.365007514192286,1.7206939054638468,6.715796367695847,37.99415060828509,2108712000.0,True,690709000.0,833856000.0,17345000.0,460056000.0,1847190000.0,1691694000.0,38.54,98.27930609453615,8.656203729342929,True,6.715796367695847,650428000.0,1272152000.0,10.707172695232867,True,True,-1,1418003000.0,90.1136968080881,0.6724498177086298,18111000.0,365208000.0,4.292846816060984,True,14696419328,1469.6419328,10174665000.0,0.372255322444291,0.365007514192286,37.99415060828509,7886049000.0,9714609000.0,1573571000.0,2108712000.0,-1,17.415132735782855,15.020060337527964,0,0,1.7206939054638437,-6.477167947803128,False,381328992,False,13144785000.0,7903394000.0,9769615000.0,3605223000.0,0.0,155496000.0,7217898000.0,True,1.5262466109360984,4729182000.0,38.54,0,True,False,45.0,0.00317,321.0,0.81301004,0.81044,35.0,40.08333,40.5,False,38.1328992,True,12.617227274720891,False,11.858461,False,4.0030527,False,False,1.1115386810673864,WES
0,9.384233395486163,100.0,46.06563787105939,6.623614614229436,285815000.0,True,38025000.0,37347000.0,15033000.0,0,516879000.0,154974000.0,32.45,0.0,0.0,False,46.06563787105939,55501000.0,0,6.492142895666721,False,False,-1,247790000.0,186.5186300338728,0.8669593968126236,50110000.0,0,inf,True,2046319744,204.6319744,99781000.0,13.012136123628121,9.384233395486163,6.623614614229436,69591000.0,99781000.0,132850000.0,285815000.0,-1,18.22909438047389,11.55203749945752,17.72434606035217,12.174589365055738,100.0,16.091907590622682,False,63060700,True,983567000.0,84624000.0,239598000.0,1412064000.0,749534000.0,361905000.0,997059000.0,True,3.2367736762314108,308041000.0,32.45,0.05756776877366471,True,False,40.0,0.05001,463.0,1.05805,1.00513,30.0,34.44444,34.0,False,6.30607,False,13.092242907670368,True,14.885321,False,1.4100647,False,False,27.388500218627023,YELP
