,ticker,longName,ROCE,ROCE (3yr avg),NFAT,NFAT (3yr avg),NPM,DPR,Retention Ratio,Dep,SSGR,Av NPM (over 3 years),Av NFA/T (over 3 years),Av Dep%NFA (over 3 years),Av Retention ratio (over 3 years),d/e,Interest coverage,tax %,cPAT,CFO,cCFO,cCFO/cPAT,p/a,p/e,EY,Earnings Growth 5yr cagr,Sales Growth 5yr cagr,PEG,no. shares (cr),Current Price,market cap,d/e_market,p/s,NFA + CWIP,Capex,Capex_from_cashflow_statement,FCF,FCF%,FCF_capex_from_cashflow,FCF%_capex_from_cashflow,DV,Mcap (cr),d/e decreasing trend 5 yrs,Sales cagr >15%,npm >8%,Tax payout >25%,Interest coverage >3,d/e <0.5,CFO >0,cCFO > PAT,p/e <10,peg <1,EY >7%,p/b <3,DV >3%,EY >7,sgr > Sales growth (very linear),FCF/CFO,Market Cap,Net Income,Total Revenue,Total Assets,Total Liabilities,Total Stockholders Equity,Total Debt,Cash and Cash Equivalents,Current Assets,Current Liabilities,Working Capital,Operating Cash Flow,Capital Expenditure,Dividends Paid,Depreciation & Amortization,Interest Expense,Income Tax Expense,Shares Outstanding,Net Fixed Assets,Construction in Progress,Net Debt,3-5yr Average ROA (%),3-5yr Average ROE (%),ROE,ROA,insidersPercentHeld,institutionsPercentHeld,institutionsFloatPercentHeld,institutionsCount,current,high,low,mean,median,Normalized EBIT,Normalized Net Income,Research Asset,R&D Amortization,Adjusted EBIT (R&D),Adjusted Book Equity (R&D),Adjusted D/E (R&D),Adjusted Invested Capital (R&D),Adjusted ROC (R&D),Adjusted ROE (R&D),analysis_date,current_price,total_score,max_score,score_percentage,overall_technical_signal,action,moving_averages.current_price,moving_averages.SMA_20,moving_averages.SMA_50,moving_averages.SMA_200,moving_averages.above_50,moving_averages.above_200,moving_averages.golden_cross,moving_averages.dist_from_20,moving_averages.dist_from_50,moving_averages.dist_from_200,moving_averages.score,moving_averages.max_score,moving_averages.signal,macd.MACD,macd.MACD_signal,macd.MACD_hist,macd.bullish_crossover,macd.above_zero,macd.histogram_positive,macd.histogram_growing,macd.recent_crossover,macd.crossover_days_ago,macd.score,macd.max_score,macd.signal,rsi.RSI,rsi.not_overbought,rsi.above_50,rsi.in_sweet_spot,rsi.zone,rsi.score,rsi.max_score,rsi.signal,vwma.current_price,vwma.VWMA,vwma.above_vwma,vwma.vwma_rising,vwma.volume_pattern_bullish,vwma.current_volume,vwma.avg_volume,vwma.volume_ratio,vwma.avg_volume_up_days,vwma.avg_volume_down_days,vwma.score,vwma.max_score,vwma.signal,support_resistance.current_price,support_resistance.nearest_resistance,support_resistance.nearest_support,support_resistance.dist_to_resistance_%,support_resistance.dist_to_support_%,support_resistance.at_support,support_resistance.near_resistance,support_resistance.resistance_levels,support_resistance.support_levels,support_resistance.score,support_resistance.max_score,support_resistance.signal,market_context.SPY_price,market_context.SPY_50MA,market_context.SPY_200MA,market_context.above_50,market_context.above_200,market_context.golden_cross,market_context.VIX,market_context.low_vix,market_context.score,market_context.total_checks,market_context.market_state,market_context.recommendation,relative_strength.stock_return_%,relative_strength.benchmark_return_%,relative_strength.outperformance_%,relative_strength.outperforming,relative_strength.signal
0,AMD,"Advanced Micro Devices, Inc.",3.359,2.138,11.097,12.476,5.241,0.0,100.0,100.0,-34.617,5.241,12.476,100.0,100.0,0.04,22.674,19.155,6977000000.0,3041000000.0,11794000000.0,1.69,2.417,111.583,0.47,-27.128,16.2,-4.113,162.804,214.24,348791619529.6,0.006,10.891,2749000000.0,3495000000.0,636000000.0,-454000000.0,-27.666,2405000000.0,146.557,0.0,34879.164,False,True,False,False,True,True,True,True,False,True,False,False,False,False,False,-0.149,348791635968,1641000000.0,25785000000.0,69226000000.0,11658000000.0,55892000000.0,2212000000.0,1250000000.0,19049000000.0,7281000000.0,11768000000.0,3041000000.0,636000000.0,0.0,3177000000.0,92000000.0,381000000.0,1628041540,2425000000.0,324000000.0,962000000.0,2.28,2.892,1.544,1.261,0.005,0.699,0.703,3583.0,214.24,380.0,178.0,282.402,290.0,1317000000.0,1271666666.667,15294600000.0,4035600000.0,4501400000.0,71186600000.0,0.031,72148600000.0,5.044,2.305,2025-11-26,214.24,5,15,33.333,游댮 AVOID,Poor setup,214.24,236.149,217.604,149.983,False,True,True,-9.277,-1.546,42.843,2,3,WAIT - Partial trend,-4.38,1.353,-5.733,False,False,False,True,False,,0,3,AVOID - Bearish momentum,40.679,True,False,True,Bearish,2,3,BUY - Acceptable zone,214.24,235.871,False,False,False,42973980.0,55571249.0,0.773,44861790.0,55264085.714,0,3,"AVOID - Below VWMA, weak support",214.24,263.51,157.8,22.998,26.344,False,False,"[np.float64(186.64999389648438), np.float64(263.510009765625), np.float64(267.0799865722656)]","[np.float64(149.22000122070312), np.float64(157.8000030517578), np.float64(224.63999938964844)]",1,3,NEUTRAL - No clear level nearby,679.68,669.979,,True,False,False,17.19,True,2,4,NEUTRAL,Selective - Take 3-5 positions,57.252,15.635,41.616,True,STRONG - Significant outperformance
1,NVDA,NVIDIA Corporation,90.08,54.92,25.828,20.122,40.297,3.861,96.139,29.883,749.668,40.297,20.122,29.883,96.139,0.239,329.769,13.265,116760000000.0,64089000000.0,106928000000.0,0.916,110.881,44.619,1.661,96.574,69.255,0.462,2434.7,180.26,4388790220000.0,0.002,23.491,8605000000.0,5020000000.0,3236000000.0,59069000000.0,81.05,60853000000.0,83.498,0.019,439610.088,False,True,True,False,True,True,True,False,False,True,False,False,False,False,True,0.922,4396100878336,72880000000.0,130497000000.0,111601000000.0,32274000000.0,42978000000.0,10270000000.0,3771000000.0,80126000000.0,18047000000.0,62079000000.0,64089000000.0,3236000000.0,834000000.0,1864000000.0,247000000.0,11146000000.0,24347000000,8076000000.0,529000000.0,6499000000.0,42.543,66.304,119.177,82.197,0.043,0.693,0.725,6912.0,180.26,352.0,140.0,250.394,250.0,40930333333.333,35669333333.333,26364600000.0,6839200000.0,90347800000.0,69342600000.0,0.148,75841600000.0,103.325,105.101,2025-11-26,180.26,6,15,40.0,游댮 AVOID,Poor setup,180.26,190.003,186.815,153.428,False,True,True,-5.128,-3.509,17.488,2,3,WAIT - Partial trend,-2.467,-0.747,-1.72,False,False,False,True,False,,0,3,AVOID - Bearish momentum,43.505,True,False,True,Bearish,2,3,BUY - Acceptable zone,180.26,188.539,False,False,False,181798274.0,219771418.7,0.827,218063718.5,279651820.0,0,3,"AVOID - Below VWMA, weak support",180.26,180.28,178.91,0.011,0.749,True,True,"[np.float64(184.45959632874283), np.float64(195.6199951171875), np.float64(212.19000244140625)]","[np.float64(170.88036283204175), np.float64(176.75999450683594), np.float64(178.91000366210938)]",2,3,BUY - At support but near resistance,679.68,669.979,,True,False,False,17.19,True,2,4,NEUTRAL,Selective - Take 3-5 positions,33.229,15.635,17.593,True,STRONG - Significant outperformance
2,GOOG,Alphabet Inc.,33.252,28.102,2.541,2.564,24.605,2.451,97.549,9.491,52.055,24.605,2.564,9.491,97.549,0.09,419.366,16.44,309918000000.0,125299000000.0,410192000000.0,1.324,24.881,31.617,5.781,12.605,10.754,2.508,540.7,320.28,1731753960000.0,0.015,10.03,,,52535000000.0,,,72764000000.0,72.678,0.425,386636.684,False,False,True,False,True,True,True,True,False,False,False,False,False,False,True,,3866366836736,100118000000.0,350018000000.0,450256000000.0,125172000000.0,283379000000.0,25461000000.0,15714000000.0,163711000000.0,89122000000.0,74589000000.0,125299000000.0,52535000000.0,7363000000.0,15311000000.0,268000000.0,19697000000.0,5407000000,184624000000.0,,9747000000.0,20.107,28.525,32.908,23.484,0.067,0.608,0.651,5663.0,320.28,345.0,185.0,311.206,330.0,92597666666.667,77961666666.667,121992400000.0,33163000000.0,136246000000.0,405371400000.0,0.063,415118400000.0,27.425,24.698,2025-11-26,320.28,12,15,80.0,游릭 STRONG BUY,Enter position,320.28,290.856,267.17,202.319,True,True,True,10.116,19.879,58.304,3,3,WAIT - Extended above MA,13.766,10.947,2.82,True,True,True,True,True,4.0,3,3,STRONG BUY - Fresh crossover (4 days ago),69.463,True,True,True,Bullish,3,3,BUY - Acceptable zone,320.28,294.379,True,True,True,29728207.0,29502700.35,1.008,45458280.0,28140576.75,3,3,STRONG BUY - Institutional accumulation,320.28,328.67,271.41,2.62,15.259,False,False,"[np.float64(252.1999969482422), np.float64(256.70001220703125), np.float64(291.92999267578125)]","[np.float64(236.68499755859375), np.float64(239.1999969482422), np.float64(271.4100036621094)]",0,3,NEUTRAL - No clear level nearby,679.68,669.979,,True,False,False,17.19,True,2,4,NEUTRAL,Selective - Take 3-5 positions,88.316,15.635,72.681,True,STRONG - Significant outperformance
3,ANET,Arista Networks Inc,26.032,27.325,69.883,55.397,35.738,0.0,100.0,62.09,1917.675,35.738,55.397,62.09,100.0,,,12.649,7132675000.0,3708235000.0,7250918000.0,1.017,28.645,48.536,1.774,49.089,33.43,0.989,125.929,127.65,160747739185.5,,19.027,107054000.0,63270000.0,32032000.0,3644965000.0,127.801,3676203000.0,128.897,0.0,16074.775,False,True,True,False,False,False,True,True,False,True,False,False,False,False,True,0.983,160747749376,2852054000.0,7003146000.0,14043921000.0,4049114000.0,7219059000.0,,632292000.0,11910815000.0,2732222000.0,9178593000.0,3708235000.0,32032000.0,0.0,62038000.0,,412980000.0,1259285070,98845000.0,8209000.0,,23.286,32.501,34.487,24.95,0.179,0.7,0.854,2629.0,127.65,185.0,140.0,164.075,167.5,2242990333.333,2097273666.667,2352388600.0,633356200.0,3307976800.0,9571447600.0,,,,29.798,2025-11-26,127.65,7,15,46.667,游댮 AVOID,Poor setup,127.65,134.63,142.786,111.946,False,True,True,-5.185,-10.6,14.028,2,3,WAIT - Partial trend,-6.483,-5.761,-0.722,False,False,False,True,False,,0,3,AVOID - Bearish momentum,41.673,True,False,True,Bearish,2,3,BUY - Acceptable zone,127.65,132.643,False,False,False,4649488.0,9875264.4,0.471,8585497.6,13590775.0,0,3,"AVOID - Below VWMA, weak support",127.65,141.99,127.58,11.234,0.055,True,False,"[np.float64(156.32000732421875), np.float64(162.67999267578125), np.float64(164.94000244140625)]","[np.float64(127.58000183105469), np.float64(136.7899932861328), np.float64(138.5)]",3,3,STRONG BUY - At support with room to resistance,679.68,669.979,,True,False,False,17.19,True,2,4,NEUTRAL,Selective - Take 3-5 positions,26.923,15.635,11.288,True,STRONG - Significant outperformance
4,TPR,"Tapestry, Inc.",6.002,11.937,3.717,3.628,9.632,77.676,22.324,12.001,-4.199,9.632,3.628,12.001,22.324,1.346,14.869,15.224,2791500000.0,1216600000.0,4300600000.0,1.541,1.368,84.504,0.809,-36.236,1.601,-2.332,20.465,110.7,22654727546.4,0.172,3.179,1861300000.0,214900000.0,122700000.0,1001700000.0,546.779,1093900000.0,597.107,1.321,2291.551,False,False,True,False,True,False,True,True,False,True,False,False,False,False,False,0.823,22915508224,183200000.0,7010700000.0,6580500000.0,5722700000.0,2896900000.0,3899200000.0,98500000.0,2905600000.0,1556900000.0,1348700000.0,1216600000.0,122700000.0,299300000.0,224900000.0,85400000.0,32900000.0,204649752,1820500000.0,40800000.0,3800700000.0,8.648,29.947,9.758,1.834,0.004,0.99,0.994,1281.0,110.7,148.0,66.0,121.684,125.0,869700000.0,645066666.667,,,,,,,,,2025-11-26,110.7,11,15,73.333,游릭 STRONG BUY,Enter position,110.7,105.045,110.534,92.081,True,True,True,5.383,0.15,20.22,3,3,WAIT - Extended above MA,-1.049,-1.964,0.915,True,False,True,True,True,4.0,2,3,STRONG BUY - Fresh crossover (4 days ago),69.258,True,True,True,Bullish,3,3,BUY - Acceptable zone,110.7,104.651,True,False,True,2272616.0,3896465.8,0.583,3638639.5,3380400.0,2,3,BUY - Good volume support,110.7,113.619,108.14,2.637,2.313,False,False,"[np.float64(113.61889161154622), np.float64(117.0), np.float64(118.55999755859375)]","[np.float64(103.36778573839851), np.float64(106.26000213623047), np.float64(108.13999938964844)]",1,3,NEUTRAL - No clear level nearby,679.68,669.979,,True,False,False,17.19,True,2,4,NEUTRAL,Selective - Take 3-5 positions,85.024,15.635,69.388,True,STRONG - Significant outperformance
5,DECK,Deckers Outdoor Corporation,44.524,39.225,9.894,9.793,17.113,0.0,100.0,11.252,156.335,17.113,9.793,11.252,100.0,0.131,335.255,22.296,2694425000.0,1044523000.0,2787482000.0,1.035,30.811,12.955,7.603,32.431,16.534,0.399,14.574,87.19,12707491989.27,0.022,2.466,610031000.0,135908000.0,86171000.0,908615000.0,94.051,958352000.0,99.199,0.0,1293.406,True,True,True,False,True,True,True,True,False,True,True,False,False,True,True,0.87,12934057984,966091000.0,4985612000.0,3570252000.0,1057239000.0,2107468000.0,276975000.0,67282000.0,2860475000.0,769941000.0,2090534000.0,1044523000.0,86171000.0,0.0,68426000.0,3517000.0,277208000.0,145744833,562951000.0,47080000.0,209693000.0,24.007,35.422,41.818,28.813,0.006,0.992,0.997,1278.0,87.19,157.0,81.0,111.971,109.185,965948333.333,747492000.0,,,,,,,,,2025-11-26,87.19,8,15,53.333,游리 WAIT,Need more confirmation,87.19,82.46,93.661,109.401,False,False,False,5.736,-6.909,-20.303,0,3,AVOID,-2.329,-3.641,1.312,True,False,True,True,False,,2,3,BUY - Momentum building,63.586,True,True,True,Bullish,3,3,BUY - Acceptable zone,87.19,82.348,True,False,True,3029497.0,3865014.85,0.784,3715649.25,3044100.0,2,3,BUY - Good volume support,87.19,131.58,78.91,50.912,9.497,False,False,"[np.float64(212.49000549316406), np.float64(214.6999969482422), np.float64(223.97999572753906)]","[np.float64(113.52999877929688), np.float64(195.17999267578125), np.float64(201.0)]",1,3,NEUTRAL - No clear level nearby,679.68,669.979,,True,False,False,17.19,True,2,4,NEUTRAL,Selective - Take 3-5 positions,-54.534,15.635,-70.17,False,AVOID - Significant underperformance
6,MU,"Micron Technology, Inc.",14.2,2.779,0.852,0.629,-3.864,21.137,78.863,19.558,-21.475,-3.864,0.629,19.558,78.863,0.339,20.564,11.643,12171000000.0,17525000000.0,42772000000.0,3.514,12.301,30.337,3.304,-0.688,6.713,-44.12,112.247,230.26,258459029219.1,0.059,6.915,52844000000.0,17358000000.0,15857000000.0,167000000.0,1.956,1668000000.0,19.534,0.202,25845.903,False,False,False,False,True,True,True,True,False,True,False,False,False,False,False,0.01,258459025408,8539000000.0,37378000000.0,82798000000.0,28633000000.0,45131000000.0,15278000000.0,914000000.0,28841000000.0,11454000000.0,17387000000.0,17525000000.0,15857000000.0,522000000.0,8352000000.0,477000000.0,1124000000.0,1122466035,47326000000.0,5518000000.0,14364000000.0,-3.886,-5.332,1.743,1.164,0.002,0.83,0.832,2839.0,230.26,338.0,107.0,220.5,207.5,2221000000.0,1161333333.333,9656800000.0,2691600000.0,11237400000.0,54787800000.0,0.279,69151800000.0,14.358,15.586,2025-11-26,230.26,8,15,53.333,游리 WAIT,Need more confirmation,230.26,231.059,205.383,129.546,True,True,True,-0.346,12.113,77.744,3,3,BUY - Ideal pullback entry,4.573,8.152,-3.579,False,True,False,True,False,,1,3,AVOID - Bearish momentum,46.745,True,False,True,Bearish,2,3,STRONG BUY - Ideal zone,230.26,230.053,True,False,False,17769768.0,27763998.4,0.64,28222993.6,36706400.0,1,3,HOLD - Above VWMA but watch volume,230.26,260.58,217.4,13.168,5.585,False,False,"[np.float64(170.34332301201755), np.float64(201.0), np.float64(260.5799865722656)]","[np.float64(154.55321361859382), np.float64(179.61000061035156), np.float64(217.39999389648438)]",1,3,BUY - Good risk/reward setup,679.68,669.979,,True,False,False,17.19,True,2,4,NEUTRAL,Selective - Take 3-5 positions,135.46,15.635,119.824,True,STRONG - Significant outperformance
7,WMT,Walmart Inc.,17.68,15.23,5.044,5.17,2.386,42.114,57.886,9.516,-2.375,2.386,5.17,9.516,57.886,0.717,10.758,23.384,60300000000.0,36443000000.0,125191000000.0,2.076,7.701,38.147,2.234,14.08,5.939,2.709,797.285,109.1,869838057410.2,0.069,1.238,155107000000.0,24352000000.0,23783000000.0,12091000000.0,62.209,12660000000.0,65.137,0.769,87066.359,False,False,False,False,True,False,True,True,False,False,False,False,False,False,False,0.332,870663585792,19436000000.0,680985000000.0,260823000000.0,163131000000.0,83861000000.0,60114000000.0,4011000000.0,79458000000.0,96584000000.0,-17126000000.0,36443000000.0,23783000000.0,6688000000.0,12973000000.0,2728000000.0,6152000000.0,7972851122,139704000000.0,15403000000.0,56103000000.0,5.523,16.963,19.322,6.26,0.452,0.366,0.669,4877.0,109.1,130.0,60.0,118.385,120.0,24237333333.333,15542333333.333,,,,,,,,,2025-11-26,109.1,11,15,73.333,游릭 STRONG BUY,Enter position,109.1,103.243,103.71,97.685,True,True,True,5.673,5.197,11.685,3,3,WAIT - Extended above MA,0.787,0.143,0.644,True,True,True,True,True,5.0,3,3,STRONG BUY - Fresh crossover (5 days ago),68.133,True,True,True,Bullish,3,3,BUY - Acceptable zone,109.1,103.701,True,True,False,13881302.0,20598475.1,0.674,24939875.5,29425140.0,2,3,HOLD - Above VWMA but watch volume,109.1,109.58,101.33,0.44,7.122,False,True,"[np.float64(103.94000244140625), np.float64(106.11000061035156), np.float64(109.58000183105469)]","[np.float64(98.87999725341797), np.float64(99.87000274658203), np.float64(101.33000183105469)]",0,3,"WAIT - Near resistance, likely pullback",679.68,669.979,,True,False,False,17.19,True,2,4,NEUTRAL,Selective - Take 3-5 positions,19.9,15.635,4.264,True,GOOD - Outperforming market
8,TJX,"The TJX Companies, Inc.",31.623,29.705,3.421,3.461,7.962,35.11,64.89,6.357,11.523,7.962,3.461,6.357,64.89,1.75,82.921,24.973,16119000000.0,6116000000.0,19314000000.0,1.198,16.351,33.804,2.854,15.899,5.098,2.126,111.294,153.13,170424310787.5,0.075,2.897,16987000000.0,2124000000.0,1918000000.0,3992000000.0,82.072,4198000000.0,86.308,0.967,17083.423,False,False,False,False,True,False,True,True,False,False,False,False,False,False,True,0.653,170834231296,4864000000.0,56360000000.0,31749000000.0,23356000000.0,7302000000.0,12778000000.0,617000000.0,12991000000.0,11008000000.0,1983000000.0,6116000000.0,1918000000.0,1648000000.0,1104000000.0,76000000.0,1619000000.0,1112938750,16987000000.0,0.0,12161000000.0,13.858,61.023,65.476,15.402,0.001,0.921,0.922,3148.0,153.13,181.0,92.0,159.158,165.0,5775000000.0,4278666666.667,,,,,,,,,2025-11-26,153.13,9,15,60.0,游리 WAIT,Need more confirmation,153.13,145.814,143.402,130.507,True,True,True,5.018,6.784,17.335,3,3,WAIT - Extended above MA,2.419,1.713,0.706,True,True,True,True,False,,3,3,BUY - Momentum building,74.337,False,True,False,Overbought,1,3,"WAIT - Overbought, pullback likely",153.13,146.195,True,True,False,3344557.0,6402067.85,0.522,7777609.5,9463433.333,2,3,HOLD - Above VWMA but watch volume,153.13,154.664,143.82,1.002,6.08,False,True,"[np.float64(135.02961559973085), np.float64(141.09264192367252), np.float64(144.70221047216305)]","[np.float64(125.78465497927897), np.float64(137.832056192598), np.float64(143.82000732421875)]",0,3,"WAIT - Near resistance, likely pullback",679.68,669.979,,True,False,False,17.19,True,2,4,NEUTRAL,Selective - Take 3-5 positions,22.688,15.635,7.052,True,GOOD - Outperforming market
9,EWBC,"East West Bancorp, Inc.",,0.0,14.896,13.522,46.446,23.452,76.548,89.937,390.815,46.446,13.522,89.937,76.548,0.522,0.0,21.343,4327811000.0,1411667000.0,6071020000.0,1.403,1.674,11.753,7.947,10.848,12.526,1.083,13.759,106.6,14666625386.4,0.247,5.711,164200000.0,182253000.0,,1229414000.0,105.476,,,2.103,1469.18,False,False,True,False,False,False,True,True,False,False,True,True,False,True,True,0.871,14691799040,1165586000.0,2566544000.0,75976475000.0,68253421000.0,6950834000.0,3625237000.0,0.0,0.0,0.0,0.0,1411667000.0,,308478000.0,198447000.0,1914480000.0,316275000.0,137585604,164200000.0,0.0,0.0,1.771,18.519,17.953,1.737,0.01,0.949,0.958,706.0,106.6,145.0,106.0,125.2,125.0,0.0,1151610000.0,,,,,,,,,2025-11-26,106.6,13,15,86.667,游릭 STRONG BUY,Enter position,106.6,102.841,103.018,96.283,True,True,True,3.655,3.477,10.715,3,3,BUY - Ideal pullback entry,0.819,0.287,0.532,True,True,True,True,True,4.0,3,3,STRONG BUY - Fresh crossover (4 days ago),60.616,True,True,True,Bullish,3,3,BUY - Acceptable zone,106.6,102.886,True,True,False,461404.0,596910.2,0.773,445525.0,508600.8,2,3,HOLD - Above VWMA but watch volume,106.6,107.04,104.768,0.413,1.719,True,True,"[np.float64(107.04000091552734), np.float64(108.69620315232122), np.float64(110.1456747844844)]","[np.float64(102.15315018223347), np.float64(103.59458732473853), np.float64(104.76761799287695)]",2,3,BUY - At support but near resistance,679.68,669.979,,True,False,False,17.19,True,2,4,NEUTRAL,Selective - Take 3-5 positions,-0.704,15.635,-16.339,False,AVOID - Significant underperformance
10,FER,Ferrovial SE,18.054,8.759,10.163,11.52,13.968,38.036,61.964,51.467,48.243,13.968,11.52,51.467,61.964,3.062,1.889,4.004,4966000000.0,1293000000.0,4368000000.0,0.88,12.307,12.225,6.873,39.972,9.799,0.306,71.658,65.77,47129664304.62,0.245,5.117,1010000000.0,661000000.0,226000000.0,632000000.0,19.512,1067000000.0,32.942,0.276,4783.872,False,False,True,False,False,False,True,False,False,True,False,False,False,False,True,0.489,47838715904,3239000000.0,9147000000.0,28999000000.0,20879000000.0,3766000000.0,11532000000.0,1000000.0,7672000000.0,6301000000.0,1371000000.0,1293000000.0,226000000.0,130000000.0,441000000.0,477000000.0,145000000.0,716583006,1010000000.0,0.0,11531000000.0,1.015,6.634,8.656,1.295,0.335,0.44,0.662,599.0,65.77,72.342,70.477,71.41,71.41,1933333333.333,1256000000.0,,,,,,,,,2025-11-26,65.77,11,15,73.333,游릭 STRONG BUY,Enter position,65.77,63.575,61.496,52.351,True,True,True,3.452,6.95,25.633,3,3,BUY - Ideal pullback entry,0.821,0.774,0.047,True,True,True,True,True,1.0,3,3,STRONG BUY - Fresh crossover (1 days ago),61.125,True,True,True,Bullish,3,3,BUY - Acceptable zone,65.77,63.605,True,False,True,1254839.0,1040211.95,1.206,975609.75,965280.0,2,3,BUY - Good volume support,65.77,66.0,61.28,0.35,6.827,False,True,"[np.float64(55.55416661089213), np.float64(58.43130668758411), np.float64(64.91000366210938)]","[np.float64(52.71159041077636), np.float64(55.204672875366384), np.float64(61.279998779296875)]",0,3,"WAIT - Near resistance, likely pullback",679.68,669.979,,True,False,False,17.19,True,2,4,NEUTRAL,Selective - Take 3-5 positions,62.603,15.635,46.968,True,STRONG - Significant outperformance
11,ANF,Abercrombie & Fitch Co.,35.931,22.313,3.814,3.41,6.394,-1.0,101.0,11.278,10.745,6.394,3.41,11.278,-1.0,0.919,61.341,25.324,1160172000.0,710376000.0,1639237000.0,1.413,19.038,9.044,12.644,36.191,10.051,0.25,4.707,95.14,4478222484.52,0.212,0.875,1420060000.0,313185000.0,182903000.0,397191000.0,70.147,527473000.0,93.156,,453.279,False,False,False,True,True,False,True,True,True,True,True,False,False,True,True,0.559,4532785152,566223000.0,4948587000.0,3299887000.0,1948564000.0,1035160000.0,951613000.0,104154000.0,1673431000.0,1126944000.0,546487000.0,710376000.0,182903000.0,,153773000.0,12077000.0,194661000.0,47069818,1378894000.0,41166000.0,847459000.0,5.819,19.152,37.933,11.539,0.023,1.008,1.032,556.0,95.14,130.0,84.0,106.222,105.0,464219000.0,299054000.0,,,,,,,,,2025-11-26,95.14,8,15,53.333,游리 WAIT,Need more confirmation,95.14,72.35,75.839,83.222,True,True,False,31.501,25.449,14.321,2,3,WAIT - Partial trend,1.67,-0.983,2.653,True,True,True,True,False,,3,3,BUY - Momentum building,77.536,False,True,False,Overbought,1,3,"WAIT - Overbought, pullback likely",95.14,78.076,True,False,True,4767430.0,2274171.5,2.096,5111282.5,1923880.0,2,3,BUY - Good volume support,95.14,98.35,89.6,3.374,5.823,False,False,"[np.float64(104.98999786376953), np.float64(159.8300018310547), np.float64(164.8000030517578)]","[np.float64(89.5999984741211), np.float64(133.80999755859375), np.float64(146.94000244140625)]",0,3,NEUTRAL - No clear level nearby,679.68,669.979,,True,False,False,17.19,True,2,4,NEUTRAL,Selective - Take 3-5 positions,-35.959,15.635,-51.594,False,AVOID - Significant underperformance
12,APP,AppLovin Corporation,39.367,17.866,22.418,20.411,12.523,0.0,100.0,100.0,155.609,12.523,20.411,100.0,100.0,2.831,5.887,-0.239,1779187000.0,2099011000.0,3935145000.0,2.212,29.478,68.904,0.876,260.37,19.02,0.265,30.76,586.37,180365652890.0,0.02,31.445,198599000.0,425738000.0,4776000.0,1673273000.0,105.918,2094235000.0,132.565,0.0,19833.961,False,True,True,False,True,False,True,True,False,True,False,False,False,False,True,0.797,198339608576,1579776000.0,4709248000.0,5869259000.0,4779441000.0,1256329000.0,3556405000.0,156533000.0,2312190000.0,1057472000.0,1254718000.0,2099011000.0,4776000.0,0.0,448680000.0,318260000.0,-3771000.0,307597000,198599000.0,0.0,3399872000.0,1.578,6.522,22.584,6.366,0.188,0.833,1.026,1949.0,586.37,860.0,394.0,719.739,740.0,839062000.0,581247000.0,1563722800.0,421016800.0,2111937200.0,2820051800.0,1.261,6219923800.0,34.036,56.019,2025-11-26,586.37,6,15,40.0,游댮 AVOID,Poor setup,586.37,582.033,609.199,426.35,False,True,True,0.745,-3.747,37.533,2,3,WAIT - Partial trend,-14.891,-14.251,-0.64,False,False,False,True,False,,0,3,AVOID - Bearish momentum,42.966,True,False,True,Bearish,2,3,BUY - Acceptable zone,586.37,584.349,True,False,False,3429964.0,4768738.2,0.719,4154616.0,4211600.0,1,3,HOLD - Above VWMA but watch volume,586.37,675.0,545.0,15.115,7.055,False,False,"[np.float64(525.1500244140625), np.float64(675.0), np.float64(745.6099853515625)]","[np.float64(340.20001220703125), np.float64(385.19000244140625), np.float64(545.0)]",1,3,BUY - Good risk/reward setup,679.68,669.979,,True,False,False,17.19,True,2,4,NEUTRAL,Selective - Take 3-5 positions,78.467,15.635,62.831,True,STRONG - Significant outperformance
13,CALM,"Cal-Maine Foods, Inc.",57.767,44.193,4.524,3.951,21.555,31.137,68.863,10.053,48.596,21.555,3.951,10.053,68.863,,2510.516,24.01,2388610000.0,1224734000.0,2665351000.0,1.116,55.844,3.191,30.312,109.326,33.852,0.029,4.85,82.99,4024982301.94,,0.915,1175305000.0,290826000.0,161255000.0,933908000.0,76.547,1063479000.0,87.167,8.206,402.498,False,True,True,False,True,False,True,True,True,True,True,True,True,True,True,0.763,4024982272,1220048000.0,4261885000.0,3084619000.0,518604000.0,1800147000.0,,7979000.0,1968110000.0,308371000.0,1659739000.0,1224734000.0,161255000.0,330290000.0,94021000.0,612000.0,384910000.0,48499606,1026684000.0,148621000.0,,29.127,36.06,16.293,13.427,0.098,0.931,1.032,612.0,82.99,105.0,97.0,100.0,98.0,987802333.333,751986666.667,,,,,,,,,2025-11-26,82.99,5,15,33.333,游댮 AVOID,Poor setup,82.99,87.809,90.449,93.678,False,False,False,-5.488,-8.247,-11.409,0,3,AVOID,-1.818,-1.442,-0.376,False,False,False,False,False,,0,3,AVOID - Bearish momentum,32.055,True,False,False,Bearish,1,3,"CAUTION - Oversold, wait for bounce confirmation",82.99,87.645,False,False,True,845396.0,785714.8,1.076,796200.0,789874.5,1,3,"AVOID - Below VWMA, weak support",82.99,104.499,82.82,25.917,0.205,True,False,"[np.float64(108.05282459565359), np.float64(115.62432422855963), np.float64(121.71996412914436)]","[np.float64(92.95509314243827), np.float64(94.67000716827502), np.float64(98.93599370903051)]",3,3,STRONG BUY - At support with room to resistance,679.68,669.979,,True,False,False,17.19,True,2,4,NEUTRAL,Selective - Take 3-5 positions,-6.76,15.635,-22.395,False,AVOID - Significant underperformance
14,META,"Meta Platforms, Inc.",29.439,23.978,1.337,1.37,28.929,2.711,97.289,11.456,27.102,28.929,1.37,11.456,97.289,0.32,97.035,11.75,164028000000.0,91328000000.0,270599000000.0,1.65,27.158,28.048,4.519,20.716,11.733,1.354,217.789,633.61,1379932419731.09,0.036,8.429,163070000000.0,44418000000.0,37256000000.0,46910000000.0,75.225,54072000000.0,86.709,0.368,159703.145,False,False,True,False,True,True,True,True,False,False,False,False,False,False,True,0.514,1597031448576,62360000000.0,164501000000.0,276054000000.0,93417000000.0,153168000000.0,49060000000.0,5236000000.0,100045000000.0,33596000000.0,66449000000.0,91328000000.0,37256000000.0,5072000000.0,15498000000.0,715000000.0,8303000000.0,2177889269,136268000000.0,26802000000.0,43824000000.0,16.01,23.278,28.039,18.827,0.001,0.793,0.794,6274.0,633.61,1117.0,685.0,841.416,850.0,49418666666.667,41552666666.667,105724200000.0,28469800000.0,86781200000.0,258892200000.0,0.189,302716200000.0,25.299,24.087,2025-11-26,633.61,9,15,60.0,游리 WAIT,Need more confirmation,633.61,619.998,688.911,672.836,False,False,True,2.196,-8.027,-5.83,1,3,AVOID,-22.61,-28.255,5.645,True,False,True,True,True,3.0,2,3,STRONG BUY - Fresh crossover (3 days ago),56.863,True,True,True,Bullish,3,3,STRONG BUY - Ideal zone,633.61,627.541,True,False,True,15158308.0,27530790.4,0.551,23273500.0,20538668.0,2,3,BUY - Good volume support,633.61,735.27,581.25,16.045,8.264,False,False,"[np.float64(759.1599731445312), np.float64(784.2207041864842), np.float64(795.7129654452535)]","[np.float64(721.2431559989143), np.float64(730.506944043105), np.float64(743.2583455274284)]",1,3,NEUTRAL - No clear level nearby,679.68,669.979,,True,False,False,17.19,True,2,4,NEUTRAL,Selective - Take 3-5 positions,11.666,15.635,-3.97,False,WEAK - Slight underperformance
15,MSFT,Microsoft Corporation,26.374,28.215,2.13,2.306,35.416,25.238,74.762,15.741,45.313,35.416,2.306,15.741,74.762,0.226,53.89,17.63,335067000000.0,136162000000.0,431327000000.0,1.287,19.883,34.506,2.822,12.197,12.423,2.829,743.238,485.5,3608419351502.5,0.017,12.283,229789000000.0,109390000000.0,64551000000.0,26772000000.0,26.29,71611000000.0,70.323,0.667,360880.223,True,False,True,False,True,True,True,True,False,False,False,False,False,False,True,0.197,3608802230272,101832000000.0,281724000000.0,619003000000.0,275524000000.0,268477000000.0,60588000000.0,25723000000.0,191131000000.0,141218000000.0,49913000000.0,136162000000.0,64551000000.0,24082000000.0,34153000000.0,2385000000.0,21795000000.0,7432377655,229789000000.0,0.0,34865000000.0,18.912,38.228,33.281,18.005,0.001,0.757,0.757,7615.0,485.5,730.0,483.0,625.41,634.15,109337666666.667,87443000000.0,82217800000.0,22741000000.0,135759000000.0,350694800000.0,0.173,385559800000.0,29.003,29.037,2025-11-26,485.5,6,15,40.0,游댮 AVOID,Poor setup,485.5,498.827,510.057,466.002,False,True,True,-2.672,-4.814,4.184,2,3,WAIT - Partial trend,-9.804,-7.302,-2.502,False,False,False,True,False,,0,3,AVOID - Bearish momentum,43.311,True,False,True,Bearish,2,3,BUY - Acceptable zone,485.5,498.556,False,False,True,25657575.0,27003598.75,0.95,29151018.75,26944980.0,1,3,"AVOID - Below VWMA, weak support",485.5,499.004,464.89,2.782,4.245,False,False,"[np.float64(518.3298380532008), np.float64(530.0380069481532), np.float64(552.6855732732587)]","[np.float64(498.9444273574923), np.float64(504.09652154158834), np.float64(515.7353514691818)]",1,3,NEUTRAL - No clear level nearby,679.68,669.979,,True,False,False,17.19,True,2,4,NEUTRAL,Selective - Take 3-5 positions,15.625,15.635,-0.011,False,WEAK - Slight underperformance
16,LULU,lululemon athletica inc.,43.474,41.948,4.193,4.519,14.598,0.0,100.0,14.306,51.665,14.598,4.519,14.306,100.0,0.372,inf,29.559,5194928000.0,2272713000.0,6924448000.0,1.333,25.587,12.428,8.79,24.95,19.168,0.498,11.347,181.94,20644382839.08,0.076,2.0,3403271000.0,790431000.0,689232000.0,1482282000.0,81.686,1583481000.0,87.263,0.0,2180.56,False,True,True,True,True,True,True,True,False,True,True,False,False,True,True,0.652,21805600768,1814616000.0,10588126000.0,7603292000.0,3279245000.0,4232081000.0,1575791000.0,26931000.0,3980302000.0,1839630000.0,2140672000.0,2272713000.0,689232000.0,0.0,446524000.0,0.0,761461000.0,113468082,3196873000.0,206398000.0,1548860000.0,21.263,37.262,42.417,24.697,0.046,0.803,0.842,1409.0,181.94,303.0,120.0,193.544,185.0,2146338333.333,1406535333.333,,,,,,,,,2025-11-26,181.94,8,15,53.333,游리 WAIT,Need more confirmation,181.94,168.477,171.876,241.259,True,False,False,7.991,5.855,-24.587,1,3,AVOID,0.342,-1.286,1.627,True,True,True,True,True,4.0,3,3,STRONG BUY - Fresh crossover (4 days ago),74.128,False,True,False,Overbought,1,3,"WAIT - Overbought, pullback likely",181.94,168.474,True,False,True,3815130.0,3252911.5,1.173,3330721.667,2981266.667,2,3,BUY - Good volume support,181.94,340.25,159.25,87.012,12.471,False,False,"[np.float64(389.8599853515625), np.float64(414.82000732421875), np.float64(420.2099914550781)]","[np.float64(354.04998779296875), np.float64(366.95001220703125), np.float64(371.4800109863281)]",1,3,NEUTRAL - No clear level nearby,679.68,669.979,,True,False,False,17.19,True,2,4,NEUTRAL,Selective - Take 3-5 positions,-43.058,15.635,-58.694,False,AVOID - Significant underperformance
17,CVS,CVS Health Corporation,5.401,6.208,12.052,10.634,1.636,59.357,40.643,14.406,-7.337,1.636,10.634,14.406,40.643,1.084,3.311,25.407,25270000000.0,9107000000.0,56975000000.0,2.255,1.848,210.158,4.551,-15.114,8.471,-13.905,126.943,79.86,101376878252.1,0.818,0.259,28937000000.0,3099000000.0,2781000000.0,6008000000.0,130.212,6326000000.0,137.104,3.327,10137.688,False,False,False,True,True,False,True,True,False,True,False,True,True,False,False,0.66,101376876544,4614000000.0,372809000000.0,253215000000.0,177485000000.0,76461000000.0,82920000000.0,3076000000.0,68645000000.0,84609000000.0,-15964000000.0,9107000000.0,2781000000.0,3373000000.0,4597000000.0,2958000000.0,1562000000.0,1269432485,28937000000.0,0.0,79844000000.0,2.148,6.931,10.977,3.318,0.011,0.897,0.907,2380.0,79.86,102.0,77.0,91.48,93.0,10353333333.333,5756333333.333,,,,,,,,,2025-11-26,79.86,9,15,60.0,游리 WAIT,Need more confirmation,79.86,78.274,78.083,68.301,True,True,True,2.026,2.275,16.924,3,3,BUY - Ideal pullback entry,-0.005,0.03,-0.035,False,False,False,True,False,,0,3,AVOID - Bearish momentum,54.286,True,True,True,Bullish,3,3,STRONG BUY - Ideal zone,79.86,78.231,True,False,True,7865828.0,7322231.4,1.074,6939957.0,6779660.0,2,3,BUY - Good volume support,79.86,81.72,75.92,2.329,4.934,False,False,"[np.float64(78.55778163856445), np.float64(81.72000122070312), np.float64(85.1500015258789)]","[np.float64(69.03562528206494), np.float64(73.23133100368617), np.float64(75.91999816894531)]",1,3,NEUTRAL - No clear level nearby,679.68,669.979,,True,False,False,17.19,True,2,4,NEUTRAL,Selective - Take 3-5 positions,38.884,15.635,23.249,True,STRONG - Significant outperformance
