,ticker,ROCE,ROCE (3yr avg),NFAT,NFAT (3yr avg),NPM,DPR,Retention Ratio,Dep,SSGR,Av NPM (over 3 years),Au NFA/T (over 3 years),Av Dep%NFA (over 3 years),Au Retention ratio (over 3 years),d/e,Interest coverage,tax %,cPAT,CFO,cCFO,cCFO/cPAT,p/a,p/e,EY,Earnings Growth 5yr cagr,Sales Growth 5yr cagr,PEG,no. shares (cr),p/s,NFA + CWIP,Capex,FCF,FCF%,DV,Mcap (cr),d/e decreasing trend 5 yrs,Sales cagr >15%,npm >8%,Tax payout >25%,Interest coverage >3,d/e <0.5,CFO >0,cCFO > PAT,p/e <10,peg <1,EY >7%,p/b <3,DV >3%,EY >7,sgr > Sales growth (very linear),FCF/CFO,Current Price,Market Cap,Net Income,Total Revenue,Total Assets,Total Liabilities,Total Stockholders Equity,Total Debt,Cash and Cash Equivalents,Current Assets,Current Liabilities,Working Capital,Operating Cash Flow,Capital Expenditure,Dividends Paid,Depreciation & Amortization,Interest Expense,Income Tax Expense,Shares Outstanding,Net Fixed Assets,Construction in Progress,Net Debt,3-5yr Average ROA (%),3-5yr Average ROE (%),ROE,ROA,insidersPercentHeld,institutionsPercentHeld,institutionsFloatPercentHeld,institutionsCount,current,high,low,mean,median,5yr Average ROA (%),5yr Average ROE (%),ROE (3yr avg)
0.00,HRMY,25.40,25.53,878.05,913.27,27.98,0.00,100.00,100.00,"25,453.16",27.98,913.27,100.00,100.00,0.38,10.91,24.14,"490,411,000.00","219,821,000.00","682,231,000.00",1.39,17.93,12.21,6.68,62.19,32.76,0.20,5.75,2.82,"1,257,000.00","24,998,000.00","194,823,000.00",133.91,0.00,217.82,FALSE,TRUE,TRUE,FALSE,TRUE,TRUE,TRUE,TRUE,FALSE,TRUE,FALSE,TRUE,FALSE,FALSE,TRUE,0.89,37.86,"2,178,184,192.00","145,493,000.00","714,734,000.00","999,200,000.00","340,045,000.00","466,992,000.00","179,266,000.00","8,121,000.00","579,252,000.00","175,082,000.00","404,170,000.00","219,821,000.00","1,153,000.00",0.00,"24,112,000.00","17,496,000.00","46,311,000.00","57,532,600.00","1,257,000.00",0.00,"171,145,000.00",22.07,39.02,25.84,16.07,0.11,0.95,1.07,399.00,37.86,70.00,31.00,50.55,49.00,,,
0.00,DHI,17.42,21.44,546.83,381.56,14.60,6.97,93.03,83.50,"5,099.57",14.60,381.56,83.50,93.03,0.26,inf,23.53,"19,535,400,000.00","2,189,800,000.00","7,590,100,000.00",0.39,14.60,13.72,9.35,7.70,9.84,1.78,29.81,1.47,-1.00,-1.00,-1.00,-1.00,0.78,"5,088.38",FALSE,FALSE,TRUE,FALSE,TRUE,TRUE,TRUE,FALSE,FALSE,FALSE,TRUE,TRUE,FALSE,TRUE,TRUE,-1.00,170.68,"50,883,801,088.00","4,756,400,000.00","36,801,400,000.00","36,104,300,000.00","10,279,900,000.00","22,696,200,000.00","8,243,400,000.00",0.00,"34,745,900,000.00","2,036,500,000.00","32,709,400,000.00","2,189,800,000.00","165,300,000.00","395,200,000.00","87,100,000.00",0.00,"1,478,700,000.00","298,124,000.00","70,000,000.00",-1.00,0.00,16.83,25.51,19.81,13.85,0.12,0.86,0.97,"1,526.00",170.68,187.00,110.00,158.93,167.00,,,
0.00,GRBK,23.61,22.95,149.38,192.10,16.93,0.91,99.09,34.45,"3,188.59",16.93,192.10,34.45,99.09,0.27,inf,18.51,"1,148,319,000.00","25,912,000.00","237,549,000.00",0.21,20.05,9.07,12.33,31.41,14.37,0.29,4.36,1.45,"13,793,000.00","4,363,000.00","21,549,000.00",5.65,0.09,309.49,FALSE,FALSE,TRUE,FALSE,TRUE,TRUE,TRUE,FALSE,TRUE,TRUE,TRUE,TRUE,FALSE,TRUE,TRUE,0.83,71.04,"3,094,864,640.00","381,583,000.00","2,098,943,000.00","2,249,994,000.00","551,831,000.00","1,300,704,000.00","336,606,000.00",0.00,"2,111,286,000.00","229,527,000.00","1,881,759,000.00","25,912,000.00","4,365,000.00","2,875,000.00","4,879,000.00",0.00,"94,725,000.00","43,565,100.00","13,793,000.00",0.00,0.00,17.78,26.77,26.08,18.38,0.08,0.79,0.86,410.00,71.04,62.00,62.00,62.00,62.00,,,
0.00,CPRX,26.70,26.92,134.96,100.06,30.02,0.00,100.00,77.55,"2,925.84",30.02,100.06,77.55,100.00,0.01,inf,24.22,"357,860,000.00","239,808,000.00","559,827,000.00",1.56,34.86,12.78,6.35,53.71,51.71,0.24,12.24,4.62,"3,584,000.00","37,655,000.00","202,153,000.00",123.35,0.00,258.00,FALSE,TRUE,TRUE,FALSE,TRUE,TRUE,TRUE,TRUE,FALSE,TRUE,FALSE,FALSE,FALSE,FALSE,TRUE,0.84,21.08,"2,580,002,304.00","163,889,000.00","491,734,000.00","851,411,000.00","123,779,000.00","387,881,000.00","3,101,000.00","1,030,000.00","623,609,000.00","120,678,000.00","502,931,000.00","239,808,000.00","556,000.00",0.00,"37,774,000.00",0.00,"52,374,000.00","122,391,000.00","3,584,000.00",0.00,"2,071,000.00",22.93,27.63,29.38,24.80,0.06,0.85,0.91,501.00,21.08,40.00,31.00,34.29,34.00,,,
0.00,SIGA,31.96,32.77,105.48,82.02,40.65,72.14,27.86,33.12,895.71,40.65,82.02,33.12,27.86,0.00,-1.00,22.16,"230,638,614.00","48,761,807.00","196,666,836.00",0.85,23.28,8.01,9.06,-3.37,1.24,-2.37,7.16,3.64,"1,298,423.00","505,136.00","48,256,671.00",81.50,6.53,65.38,FALSE,FALSE,TRUE,FALSE,FALSE,TRUE,TRUE,FALSE,TRUE,TRUE,TRUE,FALSE,TRUE,TRUE,TRUE,0.99,9.13,"653,762,816.00","59,214,216.00","138,719,350.00","244,337,026.00","28,532,263.00","196,858,907.00","3,200,650.00","4,914,613.00","231,044,884.00","25,331,613.00","205,713,271.00","48,761,807.00","42,450.00","42,665,044.00","538,421.00",-1.00,"16,856,174.00","71,606,000.00","1,298,423.00",0.00,"-1,713,963.00",23.53,28.49,28.70,23.75,0.43,0.50,0.88,247.00,9.13,,,,,,,
0.00,PHM,25.25,25.02,55.57,58.68,16.58,5.47,94.53,28.12,891.50,16.58,58.68,28.12,94.53,0.22,"8,120.87",23.03,"10,249,271,000.00","1,680,794,000.00","5,550,043,000.00",0.54,19.17,9.90,11.81,25.82,9.32,0.38,19.73,1.48,"346,992,000.00","137,266,000.00","1,543,528,000.00",50.06,0.64,"2,610.84",FALSE,FALSE,TRUE,FALSE,TRUE,TRUE,TRUE,FALSE,TRUE,TRUE,TRUE,TRUE,FALSE,TRUE,TRUE,0.92,132.33,"26,108,444,672.00","3,083,262,000.00","17,946,950,000.00","17,363,763,000.00","5,241,799,000.00","10,383,257,000.00",-1.00,0.00,"16,578,401,000.00","1,495,979,000.00","15,082,422,000.00","1,680,794,000.00","118,545,000.00","167,707,000.00","89,162,000.00","479,000.00","922,617,000.00","197,298,000.00","346,992,000.00",0.00,0.00,17.96,28.76,27.40,18.43,0.01,0.96,0.97,"1,357.00",132.33,163.00,98.00,135.85,140.00,,,
0.00,MHO,16.49,17.00,50.14,45.70,11.98,0.00,100.00,16.06,531.25,11.98,45.70,16.06,100.00,0.41,-1.00,23.16,"1,916,620,000.00","179,736,000.00","899,115,000.00",0.47,14.01,8.07,14.54,14.15,6.34,0.57,2.64,0.86,"88,408,000.00","12,578,000.00","167,158,000.00",29.65,0.00,387.73,FALSE,FALSE,TRUE,FALSE,FALSE,TRUE,TRUE,FALSE,TRUE,TRUE,TRUE,TRUE,FALSE,TRUE,TRUE,0.93,146.92,"3,877,321,472.00","563,725,000.00","4,504,670,000.00","4,549,796,000.00","1,610,119,000.00","2,516,939,000.00","1,342,213,000.00",0.00,"4,196,972,000.00","267,906,000.00","3,929,066,000.00","179,736,000.00","8,417,000.00",0.00,"15,452,000.00",-1.00,"169,883,000.00","26,390,700.00","88,408,000.00",0.00,0.00,13.10,22.50,20.66,13.15,0.02,0.98,1.01,431.00,146.92,185.00,150.00,162.00,151.00,,,
0.00,RCMT,28.56,42.38,28.81,43.40,6.17,0.00,100.00,20.95,246.96,6.17,43.40,20.95,100.00,1.64,9.68,33.99,"62,036,000.00","6,170,000.00","47,850,000.00",0.77,11.06,14.66,6.93,17.95,10.94,0.82,0.74,0.64,"12,542,000.00","7,860,000.00","-1,690,000.00",-12.68,0.00,19.22,FALSE,FALSE,FALSE,TRUE,TRUE,FALSE,TRUE,FALSE,FALSE,TRUE,FALSE,FALSE,FALSE,FALSE,TRUE,-0.27,25.94,"192,228,640.00","13,327,000.00","278,380,000.00","132,077,000.00","98,593,000.00","25,790,000.00","44,960,000.00","7,034,000.00","97,038,000.00","53,633,000.00","43,405,000.00","6,170,000.00","2,572,000.00",0.00,"2,102,000.00","2,215,000.00","6,863,000.00","7,410,510.00","12,542,000.00",0.00,"37,926,000.00",17.56,58.46,44.97,10.55,0.35,0.41,0.63,108.00,25.94,32.00,30.00,31.00,31.00,,,
0.00,CHCI,17.67,20.27,7.38,6.05,21.49,0.00,100.00,3.23,126.84,21.49,6.05,3.23,100.00,0.17,-1.00,-35.76,"43,300,000.00","10,675,000.00","35,577,000.00",0.82,29.16,9.89,9.83,-3.75,18.16,-2.63,0.99,2.73,"6,550,000.00","-505,000.00","11,180,000.00",76.79,0.00,15.14,FALSE,TRUE,TRUE,FALSE,FALSE,TRUE,TRUE,FALSE,TRUE,TRUE,TRUE,TRUE,FALSE,TRUE,TRUE,1.05,15.03,"151,373,136.00","14,560,000.00","51,294,000.00","64,867,000.00","12,498,000.00","37,216,000.00",-1.00,"430,000.00","36,727,000.00","6,655,000.00","30,072,000.00","10,675,000.00","368,000.00",0.00,"302,000.00",-1.00,"-3,835,000.00","9,851,160.00","6,550,000.00",0.00,-1.00,19.76,27.73,32.51,25.36,0.66,0.09,0.25,23.00,15.03,,,,,,,
0.00,MLI,28.38,36.44,7.79,8.64,16.74,11.43,88.57,10.49,117.51,16.74,8.64,10.49,88.57,0.01,"1,859.49",25.00,"2,334,612,000.00","645,908,000.00","2,354,318,000.00",1.01,21.92,15.00,5.79,9.11,-0.01,1.65,11.07,2.57,"627,049,000.00","177,295,000.00","468,613,000.00",77.47,0.85,"1,044.46",FALSE,FALSE,TRUE,FALSE,TRUE,TRUE,TRUE,TRUE,FALSE,FALSE,FALSE,FALSE,FALSE,FALSE,TRUE,0.73,94.35,"10,444,639,232.00","604,879,000.00","3,768,766,000.00","3,290,906,000.00","486,498,000.00","2,337,445,000.00",-1.00,"40,734,000.00","2,012,229,000.00","397,987,000.00","1,614,242,000.00","645,908,000.00","80,203,000.00","89,107,000.00","53,133,000.00","410,000.00","205,076,000.00","110,701,000.00","547,833,000.00","79,216,000.00",-1.00,25.75,32.19,23.67,20.00,0.03,0.90,0.92,736.00,94.35,130.00,99.00,114.50,114.50,,,
0.00,UPWK,6.91,-1.91,22.87,21.82,6.76,0.00,100.00,43.39,104.18,6.76,21.82,43.39,100.00,0.97,-1.00,-138.41,"116,348,000.00","153,563,000.00","228,604,000.00",1.96,20.78,8.67,10.90,-1.00,15.23,-1.00,13.26,2.56,"35,808,000.00","21,985,000.00","131,578,000.00",61.03,0.00,197.85,FALSE,TRUE,FALSE,FALSE,FALSE,FALSE,TRUE,TRUE,TRUE,FALSE,TRUE,FALSE,FALSE,TRUE,TRUE,0.86,14.92,"1,978,496,512.00","215,586,000.00","769,325,000.00","1,211,613,000.00","636,236,000.00","381,075,000.00",-1.00,"17,727,000.00","911,054,000.00","268,433,000.00","642,621,000.00","153,563,000.00","14,444,000.00",0.00,"17,650,000.00",-1.00,"-125,159,000.00","132,607,000.00","35,808,000.00",0.00,-1.00,5.09,8.20,45.08,19.17,0.08,0.90,0.98,377.00,14.92,24.00,15.00,18.70,19.00,,,
0.00,BTMD,16.96,9.28,29.62,46.06,0.93,-305.79,405.79,71.37,103.22,0.93,46.06,71.37,405.79,-3.77,2.87,95.47,"38,123,000.00","45,243,000.00","96,689,000.00",2.54,2.03,3.66,3.09,-72.46,12.26,-0.05,3.17,0.77,"14,445,000.00","14,924,000.00","30,319,000.00",960.37,4.65,15.41,FALSE,FALSE,FALSE,TRUE,FALSE,TRUE,TRUE,TRUE,TRUE,TRUE,FALSE,TRUE,TRUE,FALSE,TRUE,0.67,3.22,"154,081,184.00","3,157,000.00","197,191,000.00","122,370,000.00","224,570,000.00","-29,397,000.00","107,449,000.00","111,000.00","68,127,000.00","51,514,000.00","16,613,000.00","45,243,000.00","6,956,000.00","4,744,000.00","3,574,000.00","11,001,000.00","970,000.00","31,692,700.00","10,219,000.00","4,226,000.00","107,338,000.00",1.20,-2.95,-4.67,2.27,0.13,0.64,0.74,139.00,3.22,6.00,3.50,4.88,5.00,,,
0.00,INVX,14.04,20.37,4.00,6.62,16.03,17.81,82.19,32.79,54.43,16.03,6.62,32.79,82.19,0.28,35.08,1.74,"287,382,000.00","93,439,000.00","161,467,000.00",0.56,29.52,8.29,11.73,60.66,30.87,0.14,6.88,1.38,"245,659,000.00","200,086,000.00","-106,647,000.00",-76.00,6.27,119.68,FALSE,TRUE,TRUE,FALSE,TRUE,TRUE,TRUE,FALSE,TRUE,TRUE,TRUE,TRUE,TRUE,TRUE,TRUE,-1.14,17.40,"1,196,758,016.00","140,325,000.00","660,803,000.00","1,197,483,000.00","239,327,000.00","328,921,000.00","25,023,000.00","5,132,000.00","641,391,000.00","162,658,000.00","478,733,000.00","93,439,000.00","13,594,000.00","74,983,000.00","39,524,000.00","2,430,000.00","2,487,000.00","68,779,200.00","245,659,000.00",0.00,"19,891,000.00",13.50,20.51,21.81,16.78,0.03,1.05,1.07,252.00,17.40,21.00,14.00,18.33,20.00,,,
0.00,OPXS,23.44,16.55,9.36,6.97,8.55,0.00,100.00,9.70,49.89,8.55,6.97,9.70,100.00,0.23,102.57,21.07,"9,445,000.00","1,781,000.00","4,008,000.00",0.42,16.96,13.87,5.24,45.98,23.10,0.30,0.69,1.82,"3,525,000.00","274,000.00","1,507,000.00",39.99,0.00,7.19,FALSE,TRUE,TRUE,FALSE,TRUE,TRUE,TRUE,FALSE,FALSE,TRUE,FALSE,FALSE,FALSE,FALSE,TRUE,0.85,10.40,"71,901,648.00","3,768,000.00","33,995,000.00","25,518,000.00","6,710,000.00","14,860,000.00",-1.00,0.00,"20,072,000.00","4,950,000.00","15,122,000.00","1,781,000.00","1,731,000.00",0.00,"487,000.00","47,000.00","1,006,000.00","6,913,620.00","3,525,000.00",0.00,0.00,11.14,16.04,22.38,15.79,0.23,0.35,0.46,37.00,10.40,,,,,,,
0.00,CALM,57.77,44.19,4.52,3.95,21.55,31.14,68.86,10.05,48.60,21.55,3.95,10.05,68.86,-1.00,"2,510.52",24.01,"2,388,610,000.00","1,224,734,000.00","2,665,351,000.00",1.12,55.84,4.65,21.68,109.33,33.85,0.04,4.85,1.32,"1,175,305,000.00","290,826,000.00","933,908,000.00",76.55,5.87,562.77,FALSE,TRUE,TRUE,FALSE,TRUE,FALSE,TRUE,TRUE,TRUE,TRUE,TRUE,TRUE,TRUE,TRUE,TRUE,0.76,116.04,"5,627,650,048.00","1,220,048,000.00","4,261,885,000.00","3,084,619,000.00","518,604,000.00","1,800,147,000.00","210,233,000.00","7,979,000.00","1,968,110,000.00","308,371,000.00","1,659,739,000.00","1,224,734,000.00","161,255,000.00","330,290,000.00","94,021,000.00","612,000.00","384,910,000.00","48,497,500.00","1,026,684,000.00","148,621,000.00","202,254,000.00",34.85,42.69,55.96,46.31,0.10,0.94,1.05,584.00,116.04,115.00,105.00,109.50,109.00,,,
0.00,HRB,43.73,39.34,6.02,6.15,16.18,31.64,68.36,20.99,46.99,16.18,6.15,20.99,68.36,22.36,10.60,22.01,"2,308,464,000.00","680,883,000.00","3,032,121,000.00",1.31,18.82,11.79,8.68,9.32,2.79,1.27,13.39,1.86,"656,283,000.00","179,805,000.00","501,078,000.00",82.72,2.83,698.27,FALSE,FALSE,TRUE,FALSE,TRUE,FALSE,TRUE,TRUE,FALSE,FALSE,TRUE,FALSE,FALSE,TRUE,TRUE,0.74,52.13,"6,982,657,024.00","605,773,000.00","3,760,995,000.00","3,263,898,000.00","3,175,002,000.00","90,594,000.00","1,493,198,000.00","95,788,000.00","1,162,548,000.00","1,298,610,000.00","-136,062,000.00","680,883,000.00","82,034,000.00","197,330,000.00","116,827,000.00","78,113,000.00","171,953,000.00","133,947,000.00","656,283,000.00",0.00,"1,397,410,000.00",18.36,700.04,674.99,18.69,0.01,0.95,0.96,749.00,52.13,62.00,48.00,55.00,55.00,,,
0.00,FOX,17.07,13.92,6.37,5.96,10.98,18.36,81.64,15.64,37.78,10.98,5.96,15.64,81.64,0.70,8.01,25.09,"6,208,000,000.00","3,324,000,000.00","8,848,000,000.00",1.43,10.30,11.09,17.65,33.05,5.27,0.34,23.56,1.55,"2,790,000,000.00","281,000,000.00","3,043,000,000.00",134.47,2.16,"2,529.82",FALSE,FALSE,TRUE,TRUE,TRUE,FALSE,TRUE,TRUE,FALSE,TRUE,TRUE,TRUE,FALSE,TRUE,TRUE,0.92,54.43,"25,298,192,384.00","2,263,000,000.00","16,300,000,000.00","23,195,000,000.00","10,840,000,000.00","10,714,000,000.00",-1.00,"174,000,000.00","8,429,000,000.00","2,897,000,000.00","5,532,000,000.00","3,324,000,000.00","331,000,000.00","277,000,000.00","385,000,000.00","403,000,000.00","768,000,000.00","235,580,992.00","2,519,000,000.00","271,000,000.00",-1.00,7.50,15.20,19.96,10.02,0.44,0.55,0.98,737.00,54.43,,,,,,,
0.00,FOXA,17.07,13.92,6.37,5.96,10.98,18.36,81.64,15.64,37.78,10.98,5.96,15.64,81.64,0.70,8.01,25.09,"6,208,000,000.00","3,324,000,000.00","8,848,000,000.00",1.43,10.30,12.10,18.14,33.05,5.27,0.37,21.00,1.55,"2,790,000,000.00","281,000,000.00","3,043,000,000.00",134.47,2.22,"2,529.82",FALSE,FALSE,TRUE,TRUE,TRUE,FALSE,TRUE,TRUE,FALSE,TRUE,TRUE,TRUE,FALSE,TRUE,TRUE,0.92,59.42,"25,298,182,144.00","2,263,000,000.00","16,300,000,000.00","23,195,000,000.00","10,840,000,000.00","10,714,000,000.00",-1.00,"174,000,000.00","8,429,000,000.00","2,897,000,000.00","5,532,000,000.00","3,324,000,000.00","331,000,000.00","277,000,000.00","385,000,000.00","403,000,000.00","768,000,000.00","209,955,008.00","2,519,000,000.00","271,000,000.00",-1.00,7.50,15.20,19.96,10.02,0.01,1.16,1.18,"1,064.00",59.42,72.00,48.00,60.47,62.00,,,
0.00,GCT,17.48,15.22,2.57,3.60,9.70,0.00,100.00,1.51,33.46,9.70,3.60,1.51,100.00,1.67,511.14,10.53,"273,145,000.00","158,078,000.00","349,742,000.00",1.28,14.85,9.37,13.70,64.32,41.00,0.15,2.96,0.98,"481,428,000.00","66,416,000.00","91,662,000.00",72.86,0.00,116.88,FALSE,TRUE,TRUE,FALSE,TRUE,FALSE,TRUE,TRUE,TRUE,TRUE,TRUE,TRUE,FALSE,TRUE,FALSE,0.58,31.03,"1,168,779,136.00","125,808,000.00","1,161,042,000.00","1,070,475,000.00","665,258,000.00","290,416,000.00",-1.00,"1,782,000.00","547,592,000.00","264,379,000.00","283,213,000.00","158,078,000.00","15,536,000.00",0.00,"8,524,000.00","256,000.00","14,806,000.00","29,589,300.00","481,428,000.00",0.00,-1.00,11.97,29.96,36.17,13.12,0.14,0.45,0.52,197.00,31.03,44.00,31.00,36.00,34.50,,,
0.00,BAH,25.78,19.15,33.42,28.28,5.47,52.55,47.45,43.56,29.86,5.47,28.28,43.56,47.45,4.03,7.21,23.30,"2,278,740,000.00","1,009,000,000.00","2,607,526,000.00",1.14,14.24,13.52,6.90,28.14,12.72,0.48,12.32,1.13,"355,000,000.00","158,000,000.00","851,000,000.00",91.02,1.98,"1,354.88",FALSE,FALSE,FALSE,FALSE,TRUE,FALSE,TRUE,TRUE,FALSE,TRUE,FALSE,FALSE,FALSE,FALSE,TRUE,0.84,109.93,"13,548,762,112.00","935,000,000.00","11,980,000,000.00","7,312,000,000.00","6,309,000,000.00","1,047,000,000.00","3,998,000,000.00","157,000,000.00","3,313,000,000.00","1,846,000,000.00","1,467,000,000.00","1,009,000,000.00","98,000,000.00","268,000,000.00","165,000,000.00","190,000,000.00","284,000,000.00","123,249,000.00","355,000,000.00",0.00,"3,841,000,000.00",9.01,59.08,91.22,13.48,0.01,1.00,1.01,998.00,109.93,160.00,89.00,126.09,120.00,,,
0.00,VIRC,18.25,19.23,4.71,5.30,7.81,2.75,97.25,10.54,29.73,7.81,5.30,10.54,97.25,0.46,79.83,23.85,"44,965,000.00","33,128,000.00","55,899,000.00",1.24,14.78,6.83,16.24,-1.00,12.94,-1.00,1.57,0.53,"72,021,000.00","36,635,000.00","-3,507,000.00",-16.20,1.10,13.33,FALSE,FALSE,FALSE,FALSE,TRUE,TRUE,TRUE,TRUE,TRUE,FALSE,TRUE,TRUE,FALSE,TRUE,TRUE,-0.11,8.47,"133,301,712.00","21,644,000.00","266,240,000.00","191,946,000.00","82,681,000.00","91,179,000.00","4,136,000.00","2,595,000.00","102,173,000.00","34,275,000.00","67,898,000.00","33,128,000.00","6,295,000.00","1,463,000.00","5,690,000.00","349,000.00","6,780,000.00","15,738,100.00","72,021,000.00",0.00,"1,541,000.00",13.18,25.92,21.60,12.79,0.16,0.52,0.61,115.00,8.47,12.00,12.00,12.00,12.00,,,
0.00,NOG,16.57,26.05,0.48,0.71,37.13,18.01,81.99,0.00,21.69,37.13,0.71,0.00,81.99,1.16,4.92,23.58,"2,222,875,000.00","1,408,663,000.00","3,916,869,000.00",1.76,11.60,4.14,21.24,-1.00,30.43,-1.00,9.76,1.17,"5,082,170,000.00","1,150,606,000.00","258,057,000.00",49.60,6.61,244.96,FALSE,TRUE,TRUE,FALSE,TRUE,FALSE,TRUE,TRUE,TRUE,FALSE,TRUE,TRUE,TRUE,TRUE,FALSE,0.18,25.10,"2,449,627,136.00","520,308,000.00","2,163,761,000.00","5,603,822,000.00","3,283,387,000.00","2,047,676,000.00",-1.00,"5,271,000.00","500,743,000.00","544,270,000.00","-43,527,000.00","1,408,663,000.00","1,691,848,000.00","161,969,000.00",0.00,"157,717,000.00","160,509,000.00","97,594,704.00","5,082,170,000.00",0.00,-1.00,23.52,83.65,23.82,10.32,0.03,1.19,1.22,499.00,25.10,50.00,25.00,33.80,33.00,,,
0.00,BBW,31.48,33.55,3.56,3.73,10.52,21.23,78.77,10.50,20.40,10.52,3.73,10.50,78.77,0.75,-1.00,22.87,"199,840,000.00","47,087,000.00","186,750,000.00",0.93,19.02,13.64,6.93,7.58,6.45,1.80,1.32,1.47,"160,324,000.00","38,570,000.00","8,517,000.00",16.45,1.47,74.75,FALSE,FALSE,TRUE,FALSE,FALSE,FALSE,TRUE,FALSE,FALSE,FALSE,FALSE,FALSE,FALSE,FALSE,TRUE,0.18,56.59,"747,474,688.00","51,785,000.00","496,404,000.00","289,956,000.00","150,874,000.00","129,662,000.00","71,480,000.00","6,467,000.00","126,298,000.00","79,394,000.00","46,904,000.00","47,087,000.00","19,317,000.00","11,024,000.00","14,772,000.00",-1.00,"15,356,000.00","13,208,600.00","149,961,000.00","10,363,000.00","65,013,000.00",18.35,42.03,38.54,18.42,0.06,0.95,1.01,242.00,56.59,65.00,60.00,63.00,64.00,,,
0.00,UUU,7.79,4.61,295.18,144.17,0.60,0.00,100.00,70.14,16.75,0.60,144.17,70.14,100.00,0.45,1.53,-258.44,"447,155.00","-1,048,612.00","-812,644.00",-1.82,6.01,3.00,6.06,-1.00,6.42,-1.00,0.23,0.36,0.00,"4,470.00","-1,053,082.00",-210.33,0.00,0.83,FALSE,FALSE,FALSE,FALSE,FALSE,TRUE,FALSE,FALSE,TRUE,FALSE,FALSE,TRUE,FALSE,FALSE,TRUE,1.00,3.57,"8,257,017.00","500,684.00","23,563,554.00","9,816,279.00","4,652,568.00","4,663,027.00",-1.00,0.00,"9,816,279.00","4,652,568.00","5,163,711.00","-1,048,612.00",0.00,0.00,"164,126.00","262,365.00","-361,000.00","2,312,890.00",0.00,0.00,0.00,1.48,3.57,10.19,5.52,0.31,0.13,0.19,12.00,3.57,,,,,,,
0.00,YELP,18.23,11.55,13.01,9.38,6.62,0.00,100.00,46.07,16.09,6.62,9.38,46.07,100.00,0.06,inf,27.39,"308,041,000.00","285,815,000.00","997,059,000.00",3.24,13.09,14.89,6.49,54.90,11.02,0.27,6.31,1.41,"99,781,000.00","38,025,000.00","247,790,000.00",186.52,0.00,204.63,FALSE,FALSE,FALSE,TRUE,TRUE,TRUE,TRUE,TRUE,FALSE,TRUE,FALSE,TRUE,FALSE,FALSE,TRUE,0.87,32.45,"2,046,319,744.00","132,850,000.00","1,412,064,000.00","983,567,000.00","239,598,000.00","749,534,000.00","84,624,000.00","15,033,000.00","516,879,000.00","154,974,000.00","361,905,000.00","285,815,000.00","37,347,000.00",0.00,"55,501,000.00",0.00,"50,110,000.00","63,060,700.00","99,781,000.00",0.00,"69,591,000.00",8.86,12.12,17.79,13.30,0.05,1.01,1.06,463.00,32.45,40.00,30.00,34.44,34.00,,,
0.00,SM,14.22,20.45,0.40,0.52,32.22,7.19,92.81,0.00,15.63,32.22,0.52,0.00,92.81,0.77,7.29,20.28,"2,736,354,000.00","1,782,514,000.00","6,203,086,000.00",2.27,12.07,3.93,24.12,181.75,0.93,0.02,11.50,1.06,"8,474,602,000.00","2,740,102,000.00","-957,588,000.00",-124.31,2.66,319.34,FALSE,FALSE,TRUE,FALSE,TRUE,FALSE,TRUE,TRUE,TRUE,TRUE,TRUE,TRUE,FALSE,TRUE,TRUE,-0.54,27.78,"3,193,422,080.00","770,293,000.00","2,671,285,000.00","8,576,647,000.00","4,339,390,000.00","3,615,850,000.00","3,549,440,000.00","25,201,000.00","434,699,000.00","789,950,000.00","-355,251,000.00","1,782,514,000.00","3,414,307,000.00","85,020,000.00",0.00,"140,659,000.00","195,930,000.00","114,954,000.00","7,992,709,000.00","481,893,000.00","3,524,239,000.00",14.71,29.07,19.62,10.30,0.02,1.02,1.03,494.00,27.78,59.00,27.00,40.08,40.00,,,
0.00,EOG,19.98,24.27,0.70,0.82,28.82,47.84,52.16,0.00,12.39,28.82,0.82,0.00,52.16,0.18,59.80,22.09,"26,420,000,000.00","12,143,000,000.00","43,367,000,000.00",1.64,14.60,11.75,9.68,12.09,5.93,0.97,54.60,2.90,"34,212,000,000.00","1,915,000,000.00","10,228,000,000.00",159.74,3.16,"6,612.52",FALSE,FALSE,TRUE,FALSE,TRUE,TRUE,TRUE,TRUE,FALSE,TRUE,TRUE,TRUE,TRUE,TRUE,TRUE,0.84,121.11,"66,125,213,696.00","6,403,000,000.00","23,378,000,000.00","47,186,000,000.00","17,835,000,000.00","28,090,000,000.00","4,602,000,000.00","503,000,000.00","11,230,000,000.00","5,354,000,000.00","5,876,000,000.00","12,143,000,000.00","6,372,000,000.00","2,087,000,000.00",0.00,"138,000,000.00","1,815,000,000.00","545,993,024.00","34,212,000,000.00",0.00,"4,099,000,000.00",17.13,28.02,22.29,14.07,0.00,0.97,0.97,"2,014.00",121.11,170.00,120.00,140.25,140.50,,,
0.00,DVN,15.13,25.94,0.71,0.89,24.69,46.06,53.94,0.00,11.79,24.69,0.89,0.00,53.94,0.76,10.33,20.74,"15,466,000,000.00","6,600,000,000.00","26,573,000,000.00",1.72,11.80,7.92,12.95,2.93,9.30,2.70,63.48,1.39,"25,314,000,000.00","5,719,000,000.00","881,000,000.00",30.47,4.20,"2,231.96",FALSE,FALSE,TRUE,FALSE,TRUE,FALSE,TRUE,TRUE,TRUE,FALSE,TRUE,TRUE,TRUE,TRUE,TRUE,0.13,35.16,"22,319,568,896.00","2,891,000,000.00","15,940,000,000.00","30,489,000,000.00","15,785,000,000.00","12,061,000,000.00","8,883,000,000.00","315,000,000.00","3,427,000,000.00","3,309,000,000.00","118,000,000.00","6,600,000,000.00","7,453,000,000.00","937,000,000.00",0.00,"401,000,000.00","770,000,000.00","634,800,000.00","25,314,000,000.00",0.00,"8,568,000,000.00",17.65,37.64,21.77,10.52,0.01,0.78,0.79,"1,474.00",35.16,66.00,33.00,45.11,43.50,,,
0.00,MGY,20.06,30.32,0.60,0.84,37.40,19.26,80.74,18.28,7.10,37.40,0.84,18.28,80.74,0.23,35.63,19.43,"2,065,447,000.00","920,850,000.00","3,861,803,000.00",1.87,13.28,12.63,8.15,-6.59,6.86,-1.92,18.53,3.48,"2,306,034,000.00","668,500,000.00","252,350,000.00",68.94,2.17,462.73,FALSE,FALSE,TRUE,FALSE,TRUE,TRUE,TRUE,TRUE,FALSE,TRUE,TRUE,TRUE,FALSE,TRUE,TRUE,0.27,24.25,"4,627,264,000.00","366,027,000.00","1,315,886,000.00","2,820,835,000.00","853,509,000.00","1,691,670,000.00","563,248,000.00","599,000.00","410,824,000.00","290,261,000.00","120,563,000.00","920,850,000.00","486,729,000.00","97,620,000.00","414,487,000.00","14,371,000.00","95,813,000.00","185,291,008.00","2,306,034,000.00",0.00,"562,649,000.00",23.03,39.59,20.31,13.13,0.01,1.19,1.20,504.00,24.25,34.00,19.00,26.80,27.00,,,
0.00,APAM,40.20,40.70,8.35,7.44,22.32,96.08,3.92,6.51,0.00,22.32,7.44,6.51,3.92,0.93,42.58,20.63,"1,025,308,000.00","372,838,000.00","1,337,027,000.00",1.30,18.48,12.36,7.89,-10.47,-3.24,-1.18,7.05,2.90,"124,836,000.00","-6,687,000.00","379,525,000.00",146.11,6.74,329.24,FALSE,FALSE,TRUE,FALSE,TRUE,FALSE,TRUE,TRUE,FALSE,TRUE,TRUE,FALSE,TRUE,TRUE,TRUE,1.02,46.72,"3,292,395,776.00","259,748,000.00","1,111,802,000.00","1,618,756,000.00","868,837,000.00","324,151,000.00","367,439,000.00",0.00,"409,408,000.00","501,398,000.00","-91,990,000.00","372,838,000.00","4,752,000.00","221,956,000.00","9,862,000.00","8,610,000.00","90,901,000.00","70,470,800.00","124,836,000.00",0.00,0.00,16.98,75.16,72.85,17.18,0.03,0.91,0.94,498.00,46.72,51.00,41.50,45.63,45.00,,,
0.00,MAIN,-1.00,-1.00,0.00,0.00,81.49,68.94,31.06,0.00,0.00,81.49,0.00,0.00,31.06,0.86,0.00,5.69,"1,508,895,000.00","-87,118,000.00","-564,105,000.00",-0.37,11.43,10.71,8.73,6.82,13.50,1.57,8.94,10.43,0.00,0.00,"-87,118,000.00",-17.15,5.50,582.10,FALSE,FALSE,TRUE,FALSE,FALSE,FALSE,FALSE,FALSE,FALSE,FALSE,TRUE,TRUE,TRUE,TRUE,FALSE,1.00,65.09,"5,821,024,256.00","508,080,000.00","601,251,000.00","5,121,341,000.00","2,323,503,000.00","2,477,399,000.00",0.00,0.00,0.00,0.00,0.00,"-87,118,000.00",0.00,"320,427,000.00",0.00,"123,429,000.00","30,633,000.00","89,430,400.00",0.00,0.00,0.00,8.86,16.78,19.26,10.62,0.04,0.24,0.25,460.00,65.09,64.00,57.00,61.00,60.00,,,
0.00,ANF,35.93,22.31,3.81,3.41,6.39,-1.00,-1.00,11.28,-1.00,6.39,3.41,11.28,-1.00,0.92,61.34,25.32,"1,160,172,000.00","710,376,000.00","1,639,237,000.00",1.41,19.04,9.71,12.07,36.19,10.05,0.27,4.76,0.93,"1,420,060,000.00","313,185,000.00","397,191,000.00",70.15,-1.00,469.10,FALSE,FALSE,FALSE,TRUE,TRUE,FALSE,TRUE,TRUE,TRUE,TRUE,TRUE,FALSE,FALSE,TRUE,FALSE,0.56,98.46,"4,690,959,360.00","566,223,000.00","4,948,587,000.00","3,299,887,000.00","1,948,564,000.00","1,035,160,000.00","821,620,000.00","104,154,000.00","1,673,431,000.00","1,126,944,000.00","546,487,000.00","710,376,000.00","182,903,000.00",-1.00,"153,773,000.00","12,077,000.00","194,661,000.00","47,643,300.00","1,378,894,000.00","41,166,000.00","717,466,000.00",9.90,28.69,47.77,18.05,0.02,1.00,1.03,559.00,98.46,151.00,84.00,114.25,115.00,,,
0.00,BKE,34.52,42.91,3.07,-1.00,17.47,90.15,9.85,5.20,-1.00,17.47,-1.00,5.20,9.85,0.79,inf,24.17,"924,833,000.00","242,014,000.00","1,050,794,000.00",1.14,21.97,14.41,6.80,-8.99,-2.02,-1.60,5.12,2.30,"440,995,000.00","48,359,000.00","193,655,000.00",99.07,6.89,287.40,FALSE,FALSE,TRUE,FALSE,TRUE,FALSE,TRUE,TRUE,FALSE,TRUE,FALSE,FALSE,TRUE,FALSE,FALSE,0.80,56.18,"2,874,000,384.00","195,468,000.00","1,217,689,000.00","913,173,000.00","489,369,000.00","413,220,000.00","275,437,000.00","20,932,000.00","439,209,000.00","213,932,000.00","225,277,000.00","242,014,000.00","42,275,000.00","198,019,000.00","22,993,000.00",0.00,"62,309,000.00","51,157,000.00","435,545,000.00","5,450,000.00","254,505,000.00",27.81,64.43,46.71,21.68,0.39,0.61,1.00,389.00,56.18,51.00,51.00,51.00,51.00,,,
0.00,CTMX,71.91,-11.94,7.43,-1.00,-54.77,0.00,100.00,12.17,-1.00,-54.77,-1.00,12.17,100.00,-0.20,inf,0.70,"-183,887,000.00","-86,231,000.00","-372,085,000.00",2.02,15.79,4.24,9.12,-1.00,54.69,-1.00,16.49,2.48,"10,603,000.00","-4,175,000.00","-82,056,000.00",-257.48,0.00,34.96,FALSE,TRUE,FALSE,FALSE,TRUE,TRUE,FALSE,TRUE,TRUE,FALSE,TRUE,TRUE,FALSE,TRUE,FALSE,0.95,2.12,"349,615,520.00","31,869,000.00","138,103,000.00","120,533,000.00","120,989,000.00","-47,447,000.00","35,217,000.00","3,579,000.00","107,305,000.00","85,772,000.00","21,533,000.00","-86,231,000.00","310,000.00",0.00,"1,768,000.00",0.00,"224,000.00","164,912,992.00","10,603,000.00",0.00,"31,638,000.00",-11.92,"6,335.55",-133.06,19.77,0.01,0.89,0.90,93.00,2.12,8.00,3.50,5.75,5.50,,,
0.00,IBEX,18.62,15.94,5.06,4.57,5.67,-1.00,-1.00,16.62,-1.00,5.67,4.57,16.62,-1.00,0.45,76.71,17.89,"99,782,000.00","35,900,000.00","133,842,000.00",1.34,11.47,13.43,8.33,128.15,4.68,0.10,1.34,0.75,"90,712,000.00","-2,332,000.00","38,232,000.00",113.60,-1.00,40.41,TRUE,FALSE,FALSE,FALSE,TRUE,TRUE,TRUE,TRUE,FALSE,TRUE,TRUE,FALSE,FALSE,TRUE,FALSE,1.06,30.22,"404,113,920.00","33,655,000.00","508,569,000.00","293,904,000.00","128,105,000.00","149,964,000.00",-1.00,"1,888,000.00","179,958,000.00","70,996,000.00","108,962,000.00","35,900,000.00","8,855,000.00",-1.00,"19,461,000.00","514,000.00","7,331,000.00","13,372,400.00","89,007,000.00","1,705,000.00",-1.00,8.63,20.91,21.32,11.46,0.13,0.94,1.09,198.00,30.22,31.00,30.00,30.50,30.50,,,
0.00,MATX,15.04,20.64,1.44,-1.00,16.01,9.69,90.31,11.95,-1.00,16.01,-1.00,11.95,90.31,0.31,73.64,20.52,"2,764,800,000.00","767,800,000.00","3,534,300,000.00",1.28,11.09,7.24,14.10,-13.26,-4.47,-0.55,3.18,0.98,"2,860,000,000.00","596,500,000.00","171,300,000.00",35.96,1.33,337.95,TRUE,FALSE,TRUE,FALSE,TRUE,TRUE,TRUE,TRUE,TRUE,TRUE,TRUE,TRUE,FALSE,TRUE,FALSE,0.22,106.31,"3,379,488,512.00","476,400,000.00","3,421,800,000.00","4,595,400,000.00","1,943,400,000.00","2,400,700,000.00","390,500,000.00","12,800,000.00","609,600,000.00","560,400,000.00","49,200,000.00","767,800,000.00","310,100,000.00","44,800,000.00","286,800,000.00","7,500,000.00","123,000,000.00","31,789,000.00","2,618,600,000.00","241,400,000.00","377,700,000.00",17.31,35.20,18.86,10.72,0.02,0.90,0.91,511.00,106.31,160.00,115.00,137.50,137.50,,,
0.00,MGRC,18.10,12.75,0.69,-1.00,21.51,28.24,71.76,8.39,-1.00,21.51,-1.00,8.39,71.76,0.63,5.17,26.12,"611,191,000.00","374,375,000.00","859,893,000.00",1.41,10.45,12.08,7.59,36.64,19.44,0.33,2.46,3.24,"1,600,198,000.00","194,409,000.00","179,966,000.00",77.66,1.53,305.23,FALSE,TRUE,TRUE,TRUE,TRUE,FALSE,TRUE,TRUE,FALSE,TRUE,TRUE,TRUE,FALSE,TRUE,FALSE,0.48,124.02,"3,052,318,208.00","231,727,000.00","910,942,000.00","2,277,584,000.00","1,154,216,000.00","933,802,000.00","870,337,000.00",0.00,"234,453,000.00","283,879,000.00","-49,426,000.00","374,375,000.00","231,459,000.00","46,759,000.00","107,455,000.00","47,241,000.00","81,922,000.00","24,611,500.00","1,585,098,000.00","15,100,000.00",0.00,7.95,17.47,22.53,10.31,0.01,0.92,0.93,356.00,124.02,150.00,139.00,144.00,143.50,,,
0.00,PNRG,26.45,23.68,0.85,0.73,27.34,0.00,100.00,-1.00,-1.00,27.34,0.73,-1.00,100.00,0.05,44.51,22.16,"134,269,000.00","115,909,000.00","286,668,000.00",2.14,19.20,10.10,22.39,210.49,47.79,0.05,0.16,1.13,"295,837,000.00",-1.00,-1.00,-1.00,0.00,24.74,FALSE,TRUE,TRUE,FALSE,TRUE,TRUE,TRUE,TRUE,FALSE,TRUE,TRUE,TRUE,FALSE,TRUE,FALSE,-1.00,150.06,"247,448,928.00","55,404,000.00","233,894,000.00","324,622,000.00","121,697,000.00","160,950,000.00",-1.00,"11,000.00","28,270,000.00","49,655,000.00","-21,385,000.00","115,909,000.00","119,239,000.00",0.00,-1.00,"1,546,000.00","15,769,000.00","1,649,000.00","295,837,000.00",0.00,-1.00,16.60,29.92,30.45,18.07,0.81,0.26,1.34,131.00,150.06,,,,,,,
0.00,PPC,19.43,14.94,5.36,-1.00,4.07,0.00,100.00,12.57,-1.00,4.07,-1.00,12.57,100.00,1.04,9.92,23.02,"2,184,942,000.00","1,990,127,000.00","3,664,326,000.00",1.68,11.07,8.89,9.91,227.82,6.56,0.04,23.75,0.60,"3,693,537,000.00","243,903,000.00","1,746,224,000.00",160.73,0.00,"1,096.52",TRUE,FALSE,FALSE,FALSE,TRUE,FALSE,TRUE,TRUE,TRUE,TRUE,TRUE,TRUE,FALSE,TRUE,FALSE,0.88,46.16,"10,965,170,176.00","1,086,438,000.00","17,878,291,000.00","10,650,576,000.00","6,397,180,000.00","3,331,372,000.00","3,206,971,000.00","200,879,000.00","5,120,163,000.00","2,552,133,000.00","2,568,030,000.00","1,990,127,000.00","476,153,000.00",0.00,"433,622,000.00","161,175,000.00","325,046,000.00","237,547,008.00","3,393,604,000.00","299,933,000.00","3,006,092,000.00",5.64,16.96,28.70,10.62,0.83,0.21,1.22,558.00,46.16,57.00,40.00,49.29,49.00,,,
0.00,PTCT,-17.45,-33.18,4.56,-1.00,-63.95,0.00,100.00,74.88,-1.00,-63.95,-1.00,74.88,100.00,-3.02,-0.88,-0.05,"-2,072,817,000.00","-107,688,000.00","-874,092,000.00",0.42,-19.16,7.17,-9.04,-13.98,14.42,-0.51,7.94,2.28,"120,689,000.00","-6,641,000.00","-101,047,000.00",27.81,0.00,401.72,FALSE,FALSE,FALSE,FALSE,FALSE,TRUE,FALSE,FALSE,TRUE,TRUE,FALSE,TRUE,FALSE,FALSE,FALSE,0.94,50.57,"4,017,184,512.00","-363,295,000.00","806,780,000.00","1,705,024,000.00","2,803,095,000.00","-818,555,000.00","2,367,188,000.00","44,087,000.00","1,365,531,000.00","580,981,000.00","784,550,000.00","-107,688,000.00","74,249,000.00",0.00,"75,663,000.00","166,993,000.00","176,000.00","79,438,096.00","117,655,000.00","3,034,000.00","2,323,101,000.00",-28.17,"-8,990.93",37.91,-20.18,0.02,1.02,1.04,400.00,50.57,118.00,44.00,66.69,65.50,,,
0.00,REGN,14.30,15.86,3.59,-1.00,32.28,0.00,100.00,10.25,-1.00,32.28,-1.00,10.25,100.00,0.10,72.30,7.68,"20,779,900,000.00","4,420,500,000.00","21,110,700,000.00",1.02,13.34,14.86,7.19,-18.80,-4.04,-0.79,10.42,4.40,"6,321,300,000.00","1,312,800,000.00","3,107,700,000.00",70.43,0.00,"6,247.72",TRUE,FALSE,TRUE,FALSE,TRUE,TRUE,TRUE,TRUE,FALSE,TRUE,TRUE,TRUE,FALSE,TRUE,FALSE,0.70,589.48,"62,477,213,696.00","4,412,600,000.00","14,202,000,000.00","37,759,400,000.00","8,405,800,000.00","25,973,100,000.00","4,461,500,000.00","349,200,000.00","18,660,900,000.00","3,944,300,000.00","14,716,600,000.00","4,420,500,000.00","881,600,000.00",0.00,"482,900,000.00","55,200,000.00","367,300,000.00","104,170,000.00","4,599,700,000.00","1,721,600,000.00","4,112,300,000.00",18.19,24.04,15.95,12.46,0.02,0.90,0.92,"1,754.00",589.48,890.00,543.00,716.78,750.00,,,
0.00,RIGL,26.11,-27.27,94.04,-1.00,-20.14,0.00,100.00,66.91,-1.00,-20.14,-1.00,66.91,100.00,-2.09,3.06,4.80,"-84,093,000.00","31,471,000.00","-42,152,000.00",0.50,14.92,7.64,2.35,-1.00,6.30,-1.00,1.79,2.78,-1.00,-1.00,-1.00,-1.00,0.00,74.44,FALSE,FALSE,FALSE,FALSE,TRUE,TRUE,TRUE,FALSE,TRUE,FALSE,FALSE,FALSE,FALSE,FALSE,FALSE,-1.00,41.50,"744,397,952.00","17,485,000.00","179,278,000.00","163,976,000.00","160,688,000.00","-28,644,000.00","59,680,000.00","10,165,000.00","135,103,000.00","63,299,000.00","71,804,000.00","31,471,000.00","396,000.00",0.00,"2,228,000.00","7,918,000.00","881,000.00","17,937,300.00","338,000.00",-1.00,"49,515,000.00",-14.27,-194.30,-137.92,12.44,0.03,0.78,0.81,177.00,41.50,67.00,23.00,38.33,29.50,,,
0.00,RYN,13.38,8.18,10.23,-1.00,18.88,102.86,-2.86,0.00,-1.00,18.88,-1.00,0.00,-2.86,0.64,10.92,1.87,"792,267,000.00","261,592,000.00","1,154,267,000.00",1.46,9.85,10.93,8.59,30.68,4.41,0.36,15.42,3.41,"101,824,000.00","-22,500,000.00","284,092,000.00",79.10,4.80,423.40,FALSE,FALSE,TRUE,FALSE,TRUE,FALSE,TRUE,TRUE,FALSE,TRUE,TRUE,TRUE,TRUE,TRUE,FALSE,1.09,27.11,"4,233,985,792.00","359,147,000.00","1,262,997,000.00","3,474,419,000.00","1,642,043,000.00","1,860,536,000.00","1,109,212,000.00","678,000.00","436,893,000.00","388,710,000.00","48,183,000.00","261,592,000.00","102,533,000.00","200,566,000.00",0.00,"36,916,000.00","7,050,000.00","154,162,000.00","101,045,000.00","779,000.00","1,108,534,000.00",5.46,10.90,19.79,10.09,0.01,0.96,0.97,465.00,27.11,37.00,27.00,30.29,31.00,,,
0.00,UTHR,23.87,20.69,3.02,-1.00,40.47,0.00,100.00,5.98,-1.00,40.47,-1.00,5.98,100.00,0.05,33.76,22.35,"3,383,000,000.00","1,327,100,000.00","3,705,800,000.00",1.10,16.68,12.18,8.46,35.62,19.52,0.34,4.52,4.59,"1,440,600,000.00","208,600,000.00","1,118,500,000.00",93.59,0.00,"1,412.10",TRUE,TRUE,TRUE,FALSE,TRUE,TRUE,TRUE,TRUE,FALSE,TRUE,TRUE,TRUE,FALSE,TRUE,FALSE,0.84,312.23,"14,121,008,128.00","1,195,100,000.00","2,877,400,000.00","7,364,000,000.00","920,000,000.00","5,984,800,000.00",-1.00,"169,700,000.00","3,873,900,000.00","738,100,000.00","3,135,800,000.00","1,327,100,000.00","246,500,000.00",0.00,"72,500,000.00","42,900,000.00","343,900,000.00","45,226,300.00","1,222,400,000.00","218,200,000.00",-1.00,13.38,16.53,19.23,16.45,0.02,1.00,1.01,963.00,312.23,510.00,295.00,380.57,400.00,,,
0.00,CQP,21.03,23.77,0.54,0.72,29.12,87.62,12.38,4.02,-1.44,29.12,0.72,4.02,12.38,0.00,4.10,0.00,"10,892,000,000.00","2,968,000,000.00","12,517,000,000.00",1.15,13.87,13.21,9.55,12.31,-2.65,1.07,48.40,2.64,"16,066,000,000.00","264,000,000.00","2,704,000,000.00",107.73,8.50,"2,628.38",FALSE,FALSE,TRUE,FALSE,TRUE,TRUE,TRUE,TRUE,FALSE,FALSE,TRUE,FALSE,TRUE,TRUE,TRUE,0.91,54.30,"26,283,806,720.00","2,510,000,000.00","8,704,000,000.00","17,453,000,000.00","17,962,000,000.00",0.00,"15,112,000,000.00","65,000,000.00","1,325,000,000.00","1,712,000,000.00","-387,000,000.00","2,968,000,000.00","154,000,000.00","2,235,000,000.00","680,000,000.00","800,000,000.00",0.00,"484,048,000.00","15,839,000,000.00","227,000,000.00","15,047,000,000.00",,,-1.00,14.12,0.50,0.47,0.93,216.00,54.30,71.00,45.00,56.43,55.00,-1.00,-1.00,
0.00,AZZ,12.56,11.05,2.66,3.03,3.59,1.98,98.02,16.28,-5.60,3.59,3.03,16.28,98.02,0.94,2.91,24.52,"261,488,000.00","249,909,000.00","791,817,000.00",3.03,5.87,13.17,3.69,-18.94,44.25,-0.70,3.00,2.20,"772,037,000.00","202,789,000.00","47,120,000.00",36.57,0.66,349.15,FALSE,TRUE,FALSE,FALSE,FALSE,FALSE,TRUE,TRUE,FALSE,TRUE,FALSE,TRUE,FALSE,FALSE,FALSE,0.19,116.33,"3,491,528,704.00","128,833,000.00","1,577,744,000.00","2,227,101,000.00","1,181,606,000.00","934,491,000.00","960,614,000.00","7,055,000.00","375,444,000.00","220,992,000.00","154,452,000.00","249,909,000.00","115,883,000.00","23,108,000.00","82,205,000.00","81,282,000.00","41,850,000.00","30,014,000.00","618,892,000.00","153,145,000.00","953,559,000.00",2.42,5.80,13.01,5.83,0.02,1.04,1.06,382.00,116.33,141.00,105.00,125.89,128.00,,,
0.00,PED,3.78,3.91,0.40,0.39,19.99,0.00,100.00,14.14,-6.41,19.99,0.39,14.14,100.00,0.00,-1.00,-253.10,"21,033,000.00","12,766,000.00","58,198,000.00",2.77,14.49,4.14,33.35,-1.00,35.61,-1.00,9.20,1.51,"103,736,000.00","25,171,000.00","-12,405,000.00",-69.73,0.00,5.33,FALSE,TRUE,TRUE,FALSE,FALSE,TRUE,TRUE,TRUE,TRUE,FALSE,TRUE,TRUE,FALSE,TRUE,FALSE,-0.97,0.58,"53,348,052.00","17,789,000.00","39,553,000.00","133,845,000.00","12,745,000.00","101,452,000.00",-1.00,"917,000.00","13,215,000.00","6,908,000.00","6,307,000.00","12,766,000.00","169,000.00",0.00,"16,030,000.00",-1.00,"-12,751,000.00","91,979,400.00","103,736,000.00",0.00,-1.00,5.98,6.91,15.99,13.87,0.70,0.02,0.08,27.00,0.58,1.50,1.50,1.50,1.50,,,
0.00,WES,17.42,15.02,0.37,0.37,37.99,98.28,1.72,6.72,-6.48,37.99,0.37,6.72,1.72,0.00,4.29,1.11,"4,729,182,000.00","2,108,712,000.00","7,217,898,000.00",1.53,12.62,11.86,10.71,22.83,7.81,0.52,38.13,4.00,"10,174,665,000.00","690,709,000.00","1,418,003,000.00",90.11,8.66,"1,469.64",FALSE,FALSE,TRUE,FALSE,TRUE,TRUE,TRUE,TRUE,FALSE,TRUE,TRUE,FALSE,TRUE,TRUE,FALSE,0.67,38.54,"14,696,419,328.00","1,573,571,000.00","3,605,223,000.00","13,144,785,000.00","9,769,615,000.00",0.00,"7,903,394,000.00","17,345,000.00","1,847,190,000.00","1,691,694,000.00","155,496,000.00","2,108,712,000.00","833,856,000.00","1,272,152,000.00","650,428,000.00","365,208,000.00","18,111,000.00","381,328,992.00","9,714,609,000.00","460,056,000.00","7,886,049,000.00",,,-1.00,12.29,0.00,0.81,0.81,321.00,38.54,45.00,35.00,40.08,40.50,-1.00,-1.00,
0.00,NEM,10.15,2.34,0.53,0.47,-2.26,-143.18,243.18,7.72,-10.29,-2.26,0.47,7.72,243.18,0.31,15.76,30.52,"1,591,000,000.00","6,363,000,000.00","16,625,000,000.00",10.45,6.03,12.82,4.31,25.99,15.19,0.49,109.85,3.78,"38,730,000,000.00","-1,056,000,000.00","7,419,000,000.00",221.59,1.47,"7,773.73",FALSE,TRUE,FALSE,TRUE,TRUE,TRUE,TRUE,TRUE,FALSE,TRUE,FALSE,TRUE,FALSE,FALSE,FALSE,1.17,70.77,"77,737,304,064.00","3,348,000,000.00","18,682,000,000.00","56,349,000,000.00","26,240,000,000.00","29,027,000,000.00","8,476,000,000.00","786,000,000.00","12,275,000,000.00","7,543,000,000.00","4,732,000,000.00","6,363,000,000.00","3,402,000,000.00","1,145,000,000.00","2,576,000,000.00","375,000,000.00","1,397,000,000.00","1,098,450,048.00","33,547,000,000.00","5,183,000,000.00","7,690,000,000.00",-0.14,-0.34,11.36,5.99,0.00,0.80,0.80,"1,939.00",70.77,87.00,58.00,72.33,72.00,,,
0.00,INSE,10.35,17.28,3.58,4.21,10.47,0.00,100.00,62.34,-18.25,10.47,4.21,62.34,100.00,-4.62,0.94,"-3,500.00","52,300,000.00","31,700,000.00","118,400,000.00",2.26,18.89,4.07,27.76,-1.00,13.02,-1.00,2.69,0.78,-1.00,-1.00,-1.00,-1.00,0.00,23.34,FALSE,FALSE,TRUE,FALSE,FALSE,TRUE,TRUE,TRUE,TRUE,FALSE,TRUE,TRUE,FALSE,TRUE,FALSE,-1.00,8.67,"233,400,736.00","64,800,000.00","297,100,000.00","438,400,000.00","441,700,000.00","-75,900,000.00","311,000,000.00","10,000,000.00","159,900,000.00","104,000,000.00","55,900,000.00","31,700,000.00","28,800,000.00",0.00,"47,700,000.00","32,800,000.00","-63,000,000.00","26,920,500.00","91,300,000.00",-1.00,"301,000,000.00",8.63,-64.67,-163.64,16.59,0.07,0.83,0.89,131.00,8.67,20.00,10.00,13.33,12.50,,,
0.00,CLSK,-7.89,-11.96,0.40,0.39,-54.69,-0.97,100.97,18.62,-39.94,-54.69,0.39,18.62,100.97,0.10,-24.13,-2.35,"-363,063,010.00","-233,662,000.00","-201,437,210.00",0.55,-19.14,11.42,-5.28,-2.74,112.87,-4.17,28.11,4.37,"1,612,135,000.00","967,868,000.00","-1,201,530,000.00",824.22,0.12,276.02,FALSE,TRUE,FALSE,FALSE,FALSE,TRUE,FALSE,FALSE,FALSE,TRUE,FALSE,TRUE,FALSE,FALSE,FALSE,5.14,9.82,"2,760,235,008.00","-145,777,000.00","378,968,000.00","1,962,662,000.00","201,821,000.00","675,668,000.00","65,957,000.00","7,995,000.00","705,430,000.00","187,887,000.00","517,543,000.00","-233,662,000.00","806,396,000.00","3,421,000.00","154,609,000.00","2,455,000.00","3,344,000.00","281,083,008.00","1,232,818,000.00","379,317,000.00","57,962,000.00",-16.12,-17.90,-11.97,-10.70,0.03,0.64,0.66,429.00,9.82,26.00,15.00,20.43,20.00,,,
0.00,DMLP,25.50,54.07,0.77,1.25,67.79,129.33,-29.33,19.95,-44.86,67.79,1.25,19.95,-29.33,0.00,inf,0.00,"407,347,000.00","132,639,000.00","489,838,000.00",1.20,48.39,14.36,7.86,3.16,,4.54,4.73,7.27,"298,980,000.00","220,389,000.00","-87,750,000.00",-94.92,12.91,117.62,FALSE,TRUE,TRUE,FALSE,TRUE,TRUE,TRUE,TRUE,FALSE,FALSE,TRUE,FALSE,TRUE,TRUE,FALSE,-0.66,24.85,"1,176,157,312.00","92,449,000.00","161,523,000.00","366,812,000.00","5,024,000.00",0.00,"777,000.00",0.00,"67,832,000.00","4,247,000.00","63,585,000.00","132,639,000.00",0.00,"151,881,000.00","42,767,000.00",0.00,0.00,"47,339,800.00","298,980,000.00",0.00,0.00,,,0.00,,0.09,0.26,0.28,158.00,24.85,,,,,,,0.00
0.00,NUTX,25.21,-30.76,1.62,1.11,-67.11,-3.70,103.70,5.85,-82.75,-67.11,1.11,5.85,103.70,5.54,6.91,13.19,"-285,794,564.00","23,153,807.00","248,449,853.00",-0.87,13.10,1.72,10.17,-30.77,13.12,-0.06,0.56,0.82,"326,586,523.00","63,325,804.00","-40,171,997.00",-76.99,1.25,51.33,FALSE,FALSE,FALSE,FALSE,TRUE,FALSE,TRUE,FALSE,TRUE,TRUE,TRUE,TRUE,FALSE,TRUE,FALSE,-1.74,92.40,"513,293,088.00","52,179,168.00","479,948,633.00","655,320,393.00","453,428,516.00","61,453,190.00","40,415,382.00","9,996,244.00","292,478,885.00","140,866,125.00","151,612,760.00","23,153,807.00","2,303,897.00","6,437,966.00","18,971,972.00","19,932,015.00","14,476,821.00","5,555,120.00","324,693,925.00","1,892,598.00","30,419,138.00",-34.64,-137.18,50.22,9.91,0.36,0.32,0.49,144.00,92.40,300.00,220.00,248.33,225.00,,,
0.00,NVAX,-38.56,-16.42,1.72,2.59,-55.53,0.00,100.00,10.08,-153.95,-55.53,2.59,10.08,100.00,-0.32,-12.40,-6.16,"-3,134,251,000.00","-87,263,000.00","-894,221,000.00",0.29,-10.43,3.53,-14.72,-62.56,51.14,-0.06,16.24,1.18,"339,511,000.00","-179,138,000.00","91,875,000.00",-49.00,0.00,127.34,FALSE,TRUE,FALSE,FALSE,FALSE,TRUE,FALSE,FALSE,TRUE,TRUE,FALSE,FALSE,FALSE,FALSE,FALSE,-1.05,7.84,"1,273,388,544.00","-187,499,000.00","682,162,000.00","1,560,418,000.00","2,184,259,000.00","-716,927,000.00",-1.00,"21,888,000.00","1,128,942,000.00","1,154,416,000.00","-25,474,000.00","-87,263,000.00","14,639,000.00",0.00,"48,496,000.00","20,075,000.00","10,884,000.00","162,422,000.00","299,998,000.00","39,513,000.00",-1.00,-21.75,80.72,27.97,-11.17,0.09,0.58,0.64,329.00,7.84,25.00,6.00,12.86,8.00,,,
0.00,MRK,23.91,16.05,2.74,2.79,17.26,711.27,-611.27,18.61,-312.48,17.26,2.79,18.61,-611.27,0.99,15.91,14.06,"45,050,000,000.00","21,468,000,000.00","67,678,000,000.00",1.50,16.05,13.46,7.84,9.42,9.63,1.43,249.78,3.43,"31,763,000,000.00","4,949,000,000.00","16,519,000,000.00",96.51,3.59,"21,823.10",FALSE,FALSE,TRUE,FALSE,TRUE,FALSE,TRUE,TRUE,FALSE,FALSE,TRUE,FALSE,TRUE,TRUE,FALSE,0.77,87.37,"218,231,046,144.00","17,117,000,000.00","64,168,000,000.00","117,106,000,000.00","70,734,000,000.00","37,581,000,000.00","37,111,000,000.00","8,706,000,000.00","38,782,000,000.00","28,420,000,000.00","10,362,000,000.00","21,468,000,000.00","3,372,000,000.00","7,840,000,000.00","4,499,000,000.00","1,271,000,000.00","2,803,000,000.00","2,497,779,968.00","23,779,000,000.00","7,984,000,000.00","28,405,000,000.00",9.72,25.39,40.81,15.30,0.00,0.81,0.81,"4,219.00",87.37,141.00,82.00,100.41,99.00,,,
0.00,AREN,-122.80,122.86,84.16,152.35,-50.25,0.00,100.00,100.00,"-7,755.88",-50.25,152.35,100.00,100.00,-2.10,0.62,-3.36,"-317,090,000.00","-16,076,000.00","-66,881,000.00",0.21,-53.32,7.99,-32.00,-28.72,-12.69,-0.28,4.75,2.15,"2,488,000.00","14,077,000.00","-30,153,000.00",29.94,0.00,31.47,FALSE,FALSE,FALSE,FALSE,FALSE,TRUE,FALSE,FALSE,TRUE,TRUE,FALSE,TRUE,FALSE,FALSE,FALSE,1.88,6.63,"314,697,600.00","-100,710,000.00","125,907,000.00","116,352,000.00","246,680,000.00","-58,995,000.00",-1.00,"2,468,000.00","40,234,000.00","122,256,000.00","-82,022,000.00","-16,076,000.00","5,175,000.00",0.00,"12,093,000.00","14,668,000.00","249,000.00","47,465,700.00","2,488,000.00",0.00,-1.00,-43.94,114.30,106.39,-65.99,0.79,0.10,0.45,65.00,6.63,12.00,12.00,12.00,12.00,,,
0.00,MSB,88.47,73.87,"12,727,750.00","9,174,075.00",174.39,313.41,-213.41,0.00,"-3,414,315,496.27",174.39,"9,174,075.00",0.00,-213.41,0.00,inf,0.00,"186,332,409.00","93,936,096.00","185,249,804.00",0.99,349.47,4.50,22.21,10.70,-28.94,0.42,1.31,16.22,2.00,0.00,"93,936,096.00",100.71,4.22,42.00,FALSE,FALSE,TRUE,FALSE,TRUE,TRUE,TRUE,FALSE,TRUE,TRUE,TRUE,FALSE,TRUE,TRUE,FALSE,1.00,32.01,"419,971,168.00","93,274,243.00","25,455,500.00","101,728,455.00","78,400,735.00","20,975,146.00",0.00,0.00,"101,728,452.00","78,400,735.00","23,327,717.00","93,936,096.00",0.00,"17,712,013.00",0.00,0.00,0.00,"13,120,000.00",2.00,0.00,0.00,84.64,187.78,421.08,145.27,0.00,0.45,0.45,67.00,32.01,,,,,,,